DEPARTAMENTO,ANIO,EDAD_HOMBRE,EDAD_MUJER,ESCOLARIDAD_HOMBRE,ESCOLARIDAD_MUJER,TOTAL_DIVORCIOS,EDAD_VICTIMA,EDAD_AGRESOR,ESCOLARIDAD_VICTIMA,ESCOLARIDAD_AGRESOR,OCUPACION_VICTIMA,OCUPACION_AGRESOR,TIPO_MEDIDA_MAS_FREC,INST_DENUNCIA,TOTAL_VIF
1,2009,,,,,0,33.99172667381645,38.70292630611307,26.0,26.0,5220.0,5220.0,Z,4,6527
1,2010,36.36,33.90196078431372,,,1182,33.85545672254533,37.701505302771125,29.0,29.0,5220.0,5220.0,IJ,4,5846
1,2011,36.44019138755981,33.927570093457945,,,1770,34.53638322559257,38.54649428145201,26.0,26.0,5220.0,5220.0,ABCIJ,4,6033
1,2012,35.436162361623616,33.11505681818182,1.0,1.0,5288,34.62372525494901,39.107828434313134,49.0,49.0,9111.0,5249.0,Z,4,6668
1,2013,34.646153846153844,32.98461538461538,1.0,1.0,1575,34.61976470588235,38.0,49.0,29.0,9111.0,5249.0,Z,4,6375
1,2014,,,,,0,34.98068592057762,39.538808664259925,49.0,49.0,9111.0,5249.0,Z,4,5540
1,2015,35.07328990228013,32.096,4.0,4.0,6712,34.53354995938262,37.38943948009748,49.0,49.0,5249.0,5249.0,IJ,4,6155
1,2016,34.88717948717949,31.04568527918782,4.0,4.0,2028,35.25161180861893,38.11520190023753,49.0,49.0,5249.0,5249.0,Z,4,5894
1,2017,,,,,0,34.991650853889944,37.722390891840604,49.0,49.0,9111.0,5249.0,IJ,4,5270
1,2018,,,,,0,35.865369799691834,39.624614791987675,49.0,49.0,9111.0,8322.0,IJ,4,5192
2,2009,,,,,0,33.47144152311877,36.811423390752495,26.0,26.0,5220.0,9211.0,,4,1103
2,2010,31.4,29.0,,,31,33.259963768115945,35.531702898550726,26.0,26.0,9131.0,9211.0,IJ,4,1104
2,2011,37.523809523809526,30.42105263157895,,,101,32.61305147058823,36.208639705882355,26.0,26.0,5220.0,6111.0,,3,1088
2,2012,36.07462686567164,31.013513513513512,4.0,1.0,244,33.02408477842004,35.50481695568401,26.0,26.0,9111.0,6111.0,IJ,3,1038
2,2013,32.0,29.0,1.0,1.0,36,32.91740674955595,36.826820603907635,26.0,26.0,6111.0,6111.0,IJ,3,1126
2,2014,,,,,0,33.96153846153846,39.73076923076923,26.0,26.0,6111.0,6111.0,IJ,3,1066
2,2015,34.035714285714285,30.833333333333332,1.0,4.0,348,35.22654462242563,40.15560640732266,26.0,10.0,6111.0,6111.0,IJ,3,874
2,2016,34.0,29.8,3.0,4.0,44,35.39493293591654,42.97317436661699,29.0,29.0,5249.0,6111.0,IJ,3,671
2,2017,,,,,0,34.765508684863526,37.9863523573201,29.0,29.0,5249.0,6111.0,IJ,3,806
2,2018,,,,,0,35.55522682445759,40.57988165680474,29.0,29.0,5249.0,6111.0,IJ,3,1014
3,2009,,,,,0,32.743975903614455,38.77560240963855,10.0,26.0,9131.0,9211.0,,3,1328
3,2010,34.0,31.764705882352942,,,50,32.9640234948605,42.00954478707783,10.0,29.0,9131.0,9211.0,IJ,4,1362
3,2011,33.285714285714285,34.0,,,70,32.69277108433735,40.94979919678715,29.0,29.0,9131.0,6111.0,J,4,1494
3,2012,30.892307692307693,27.940298507462686,1.0,1.0,178,33.016523867809056,40.216034271725825,29.0,29.0,9111.0,6111.0,,4,1634
3,2013,35.166666666666664,28.0,5.0,4.0,48,32.9977311401021,38.435053885422576,29.0,26.0,9111.0,6111.0,IJ,4,1763
3,2014,,,,,0,33.72140575079872,39.05111821086262,10.0,26.0,5249.0,6111.0,IJ,4,1565
3,2015,34.73529411764706,31.9375,4.0,4.0,336,33.88382541720154,41.897946084724005,10.0,26.0,9111.0,6111.0,IJ,4,1558
3,2016,37.95,32.388888888888886,5.0,4.0,124,34.61651504548635,42.88033589923023,26.0,26.0,9111.0,6111.0,IJ,4,1429
3,2017,,,,,0,33.59861809045226,43.22487437185929,26.0,26.0,9111.0,6111.0,IJ,4,1592
3,2018,,,,,0,33.75218658892128,41.21690962099125,26.0,26.0,9111.0,6111.0,IJ,4,1715
4,2009,,,,,0,32.088955223880596,36.49432835820895,10.0,29.0,9211.0,9211.0,,4,1675
4,2010,30.272727272727273,28.545454545454547,,,28,32.659024103468546,36.597883597883595,10.0,29.0,5220.0,9211.0,,4,1701
4,2011,34.46875,32.28125,,,55,33.67687434002112,37.68321013727561,29.0,29.0,9131.0,6111.0,,4,1894
4,2012,33.333333333333336,30.72093023255814,2.0,2.0,162,32.45480067377878,36.23245367770915,29.0,29.0,9111.0,6111.0,IJN,4,1781
4,2013,32.833333333333336,26.25,3.0,1.0,51,33.22928821470245,36.24445740956826,29.0,29.0,9111.0,6111.0,IJ,4,1714
4,2014,,,,,0,32.82517114270669,35.7519747235387,29.0,29.0,5249.0,6111.0,IJ,4,1899
4,2015,35.395833333333336,32.57142857142857,1.0,4.0,404,33.515118196811436,35.95052226498076,10.0,26.0,5249.0,9211.0,IJ,4,1819
4,2016,30.571428571428573,27.153846153846153,4.0,4.0,96,33.83780560524747,37.21526535480024,29.0,29.0,5249.0,9211.0,IJ,4,1677
4,2017,,,,,0,33.60535931790499,37.494518879415345,29.0,29.0,5249.0,9211.0,IJ,4,1642
4,2018,,,,,0,34.33683559950556,37.52039555006181,29.0,29.0,5249.0,9211.0,IJ,4,1618
5,2009,,,,,0,30.726993865030675,33.81042944785276,29.0,26.0,5220.0,9211.0,,3,1630
5,2010,37.541666666666664,32.55172413793103,,,115,31.503862660944208,35.735622317596565,29.0,29.0,5220.0,9211.0,,3,1165
5,2011,34.104166666666664,29.31578947368421,,,156,30.515235457063714,34.70267774699908,29.0,29.0,5220.0,9211.0,I,3,1083
5,2012,36.64102564102564,33.024193548387096,4.0,4.0,441,30.31239242685026,34.88468158347676,29.0,29.0,9111.0,9211.0,,3,1162
5,2013,34.05,32.666666666666664,1.0,3.0,144,30.44871794871795,34.67307692307692,29.0,29.0,5249.0,9211.0,Z,4,780
5,2014,,,,,0,29.043478260869566,34.858695652173914,29.0,29.0,5249.0,6111.0,IJ,3,552
5,2015,33.705882352941174,29.92391304347826,4.0,4.0,896,28.718820861678005,33.32426303854875,29.0,29.0,5249.0,6111.0,IJ,3,441
5,2016,31.84375,29.1875,4.0,4.0,328,29.976271186440677,34.891525423728815,29.0,29.0,5249.0,9211.0,IJ,3,295
5,2017,,,,,0,30.663129973474803,36.737400530503976,29.0,29.0,5249.0,6111.0,IJ,3,377
5,2018,,,,,0,30.813308687615528,38.874306839186694,29.0,29.0,5249.0,6111.0,IJ,3,541
6,2009,,,,,0,31.272108843537413,34.83673469387755,10.0,26.0,9131.0,9211.0,AFGIJ,3,1029
6,2010,32.92857142857143,27.153846153846153,,,61,31.563424947145876,34.372093023255815,26.0,26.0,9131.0,9211.0,,4,946
6,2011,35.96153846153846,33.7,,,87,32.01740139211137,35.55452436194896,26.0,26.0,9131.0,9211.0,ACIJ,4,862
6,2012,33.77319587628866,31.642105263157895,1.0,1.0,284,31.959925442684064,34.96178937558248,26.0,26.0,9111.0,6111.0,FGIJ,4,1073
6,2013,29.5,29.333333333333332,1.0,1.0,45,32.165742024965326,35.13522884882108,26.0,26.0,9111.0,6111.0,Z,4,1442
6,2014,,,,,0,31.46442234123948,34.534812547819435,26.0,26.0,9111.0,6111.0,IJ,4,1307
6,2015,37.293103448275865,32.054545454545455,2.0,4.0,560,31.917894736842104,33.41263157894737,26.0,26.0,9111.0,6111.0,IJ,3,950
6,2016,33.916666666666664,31.84,4.0,2.0,188,31.344422700587085,33.15264187866928,26.0,26.0,9111.0,6111.0,IJ,4,1022
6,2017,,,,,0,33.338248847926266,34.321658986175116,26.0,26.0,9111.0,6111.0,IJ,4,1085
6,2018,,,,,0,33.36138613861386,34.5,26.0,26.0,9111.0,6111.0,IJ,4,1212
7,2009,,,,,0,33.62846803377563,39.15922798552473,10.0,10.0,9211.0,9211.0,,4,829
7,2010,36.30769230769231,33.357142857142854,,,30,31.998992950654582,34.63846928499496,10.0,10.0,9211.0,9211.0,,4,993
7,2011,36.05882352941177,29.352941176470587,,,45,32.98196166854566,35.4847801578354,10.0,10.0,3310.0,9211.0,,4,887
7,2012,34.82,32.91228070175438,1.0,1.0,111,32.9845031905196,36.0154968094804,10.0,10.0,5249.0,9211.0,IJ,4,1097
7,2013,30.5,29.833333333333332,1.0,2.0,45,34.36261682242991,35.762616822429905,10.0,10.0,9211.0,9211.0,IJ,4,1070
7,2014,,,,,0,33.54759467758444,35.49539406345957,10.0,10.0,5249.0,9211.0,IJ,4,977
7,2015,33.0,29.842105263157894,2.0,1.0,160,34.7688679245283,35.540880503144656,10.0,10.0,9211.0,9211.0,IJ,4,636
7,2016,30.88888888888889,26.9,2.0,2.0,76,34.69669117647059,36.20404411764706,10.0,10.0,9211.0,9211.0,IJ,4,544
7,2017,,,,,0,34.644160583941606,35.37408759124087,10.0,10.0,9211.0,9211.0,IJ,4,548
7,2018,,,,,0,35.09791666666667,36.8625,10.0,10.0,9211.0,9211.0,IJ,4,480
8,2009,,,,,0,32.74702380952381,39.0,10.0,29.0,5220.0,5220.0,,4,672
8,2010,32.36842105263158,30.272727272727273,,,37,31.864035087719298,35.09356725146199,10.0,29.0,5220.0,5220.0,,3,684
8,2011,30.391304347826086,26.272727272727273,,,65,32.54397394136808,33.89413680781759,10.0,10.0,5220.0,5220.0,,3,614
8,2012,33.3625,29.725274725274726,1.0,1.0,200,30.987676056338028,33.45070422535211,10.0,29.0,5249.0,5249.0,,3,568
8,2013,33.75,27.25,1.0,1.0,30,32.01610017889087,33.772808586762075,10.0,29.0,5249.0,5249.0,IJ,3,559
8,2014,,,,,0,31.897476340694006,34.217665615141954,10.0,10.0,5249.0,5249.0,IJ,3,634
8,2015,33.21212121212121,30.8125,1.0,1.0,300,33.602739726027394,34.37769080234834,10.0,10.0,5249.0,5249.0,IJ,3,511
8,2016,32.07692307692308,33.0,1.0,1.0,84,34.413223140495866,38.06818181818182,26.0,26.0,5249.0,5249.0,IJ,3,484
8,2017,,,,,0,33.96017699115044,36.92920353982301,10.0,29.0,5249.0,5249.0,IJ,3,452
8,2018,,,,,0,34.90765171503958,39.266490765171504,10.0,29.0,5249.0,5249.0,IJ,3,379
9,2009,,,,,0,33.38112391930836,43.112391930835734,29.0,29.0,5220.0,9211.0,,4,1388
9,2010,36.285714285714285,32.857142857142854,,,172,33.42439024390244,44.10670731707317,29.0,29.0,5220.0,9211.0,IJ,4,1640
9,2011,36.24752475247525,32.97959183673469,,,283,34.287421383647796,42.242138364779876,29.0,29.0,5220.0,9211.0,I,4,1590
9,2012,35.78466076696165,31.9375,1.0,1.0,785,33.383768115942026,40.01913043478261,29.0,29.0,5249.0,6111.0,ABIJ,4,1725
9,2013,36.975,34.69230769230769,1.0,4.0,252,33.15513009327442,39.334806087383406,29.0,29.0,5249.0,6111.0,Z,4,2037
9,2014,,,,,0,32.06646884272997,34.23323442136498,29.0,29.0,5249.0,6111.0,IJ,4,1685
9,2015,36.57058823529412,33.95882352941177,4.0,4.0,1200,32.27380281690141,36.35267605633803,29.0,29.0,5249.0,6111.0,IJ,3,1775
9,2016,37.16129032258065,32.66153846153846,4.0,1.0,436,31.922340425531914,35.02925531914894,29.0,29.0,5249.0,5249.0,IJ,4,1880
9,2017,,,,,0,33.26233941852603,35.75997295469912,29.0,29.0,5249.0,5249.0,IJ,4,1479
9,2018,,,,,0,32.630718954248366,38.372549019607845,29.0,29.0,5249.0,6111.0,IJ,4,1530
10,2009,,,,,0,31.43090909090909,35.75272727272727,29.0,29.0,5220.0,9211.0,,3,1650
10,2010,32.166666666666664,27.625,,,118,32.23491879350348,38.4530162412993,10.0,29.0,9131.0,9211.0,,3,1724
10,2011,38.22857142857143,30.612903225806452,,,162,32.64152892561984,37.26962809917355,10.0,29.0,5220.0,9211.0,,3,1936
10,2012,36.22289156626506,32.664556962025316,1.0,1.0,563,32.69515418502203,39.30352422907489,10.0,29.0,9111.0,9211.0,,4,2270
10,2013,37.38461538461539,33.57142857142857,1.0,1.0,123,32.31013431013431,43.5050875050875,10.0,29.0,9111.0,9211.0,IJ,4,2457
10,2014,,,,,0,32.68496993987976,35.684168336673345,10.0,29.0,5249.0,9211.0,IJ,3,2495
10,2015,32.7962962962963,28.30188679245283,4.0,4.0,508,32.47926059513075,33.74030658250676,10.0,29.0,5249.0,9211.0,IJ,3,2218
10,2016,29.5625,28.0,4.0,4.0,144,33.58552925413131,37.873157659669495,29.0,29.0,5249.0,9211.0,IJ,3,2239
10,2017,,,,,0,34.44076999012833,37.170779861796646,29.0,29.0,5249.0,9211.0,IJ,4,2026
10,2018,,,,,0,34.10014800197336,39.397138628515044,29.0,29.0,5249.0,9211.0,IJ,4,2027
11,2009,,,,,0,31.627118644067796,33.66190900981267,26.0,26.0,5220.0,9211.0,,4,1121
11,2010,34.851851851851855,30.363636363636363,,,93,30.696763202725723,33.999148211243615,26.0,26.0,5220.0,9211.0,,4,1174
11,2011,37.973684210526315,34.07142857142857,,,122,31.993655828707375,34.279143536875495,26.0,26.0,5220.0,9211.0,,4,1261
11,2012,34.99337748344371,30.413793103448278,1.0,1.0,362,30.699041533546325,33.53099041533547,26.0,26.0,5249.0,9211.0,,4,1565
11,2013,34.6,32.81818181818182,1.0,1.0,117,31.691611345805672,33.464091732045866,26.0,26.0,2341.0,6111.0,IJ,4,1657
11,2014,,,,,0,30.657517899761338,33.80131264916468,26.0,26.0,5249.0,6111.0,IJ,4,1676
11,2015,32.2,29.607142857142858,4.0,4.0,464,31.48339973439575,34.00464807436919,26.0,26.0,5249.0,6111.0,IJ,4,1506
11,2016,33.09090909090909,27.391304347826086,1.0,1.0,148,31.016499705362403,33.98114319387154,26.0,26.0,5249.0,6111.0,IJ,4,1697
11,2017,,,,,0,29.82878081279147,33.57694870086609,26.0,26.0,5249.0,9211.0,IJ,3,1501
11,2018,,,,,0,30.126269956458636,33.367198838896954,26.0,26.0,5249.0,9211.0,IJ,3,1378
12,2009,,,,,0,33.55192588980985,37.018527547537786,10.0,10.0,9211.0,9211.0,,4,2051
12,2010,37.51724137931034,31.6,,,78,32.91602008215427,35.69876768598813,10.0,29.0,3310.0,9211.0,AIJ,4,2191
12,2011,37.0,32.56410256410256,,,113,33.86804942630185,36.54721977052074,10.0,29.0,5220.0,6111.0,,4,2266
12,2012,36.39823008849557,31.93859649122807,1.0,2.0,310,33.66455460305628,34.86395825568393,10.0,29.0,5249.0,6111.0,AIJ,4,2683
12,2013,38.0,33.25,2.0,2.0,87,33.624037639007696,35.08639863130881,10.0,29.0,2341.0,6111.0,IJ,4,2338
12,2014,,,,,0,33.67651130595293,35.42501153668666,10.0,29.0,5249.0,6111.0,IJ,4,2167
12,2015,35.72527472527472,32.252747252747255,4.0,2.0,784,34.96055916125811,37.473789316025965,10.0,10.0,6111.0,6111.0,IJ,4,2003
12,2016,33.6551724137931,30.357142857142858,4.0,2.0,176,34.52918097106425,39.574301128003924,10.0,10.0,5249.0,6111.0,IJ,4,2039
12,2017,,,,,0,34.54065934065934,39.536263736263734,10.0,10.0,5249.0,6111.0,IJ,4,1820
12,2018,,,,,0,35.29786003470214,41.526894158473105,10.0,26.0,5249.0,6111.0,IJ,4,1729
13,2009,,,,,0,33.35313901345292,37.408071748878925,10.0,26.0,9211.0,9211.0,,4,892
13,2010,34.0625,30.733333333333334,,,56,34.00513259195894,36.032506415739945,10.0,10.0,9131.0,9211.0,,4,1169
13,2011,37.044444444444444,33.89090909090909,,,113,33.574294205052006,35.80609212481426,10.0,26.0,3310.0,6111.0,,4,1346
13,2012,35.022222222222226,32.0414201183432,1.0,1.0,391,34.579360628154795,36.44139091418957,10.0,10.0,9111.0,6111.0,,4,1783
13,2013,32.44444444444444,28.894736842105264,1.0,1.0,123,33.14324324324324,36.825945945945946,10.0,26.0,2341.0,6111.0,IJ,4,1850
13,2014,,,,,0,33.21870397643593,37.17820324005891,10.0,10.0,6111.0,6111.0,IJ,4,1358
13,2015,33.246153846153845,29.096774193548388,4.0,4.0,540,34.341948310139166,36.6441351888668,10.0,10.0,6111.0,6111.0,IJ,4,1006
13,2016,37.06896551724138,35.516129032258064,2.0,1.0,188,34.197068403908794,37.98941368078176,10.0,10.0,6111.0,6111.0,IJ,4,1228
13,2017,,,,,0,35.48540145985402,39.31386861313869,10.0,10.0,6111.0,6111.0,IJ,4,1096
13,2018,,,,,0,34.91873804971319,39.04875717017208,10.0,26.0,5249.0,6111.0,IJ,4,1046
14,2009,,,,,0,34.55401234567901,47.35339506172839,10.0,10.0,9211.0,9211.0,,4,1296
14,2010,32.52,28.5,,,65,33.27489041953663,42.38697557921102,10.0,10.0,3310.0,9211.0,,4,1597
14,2011,33.38095238095238,28.761904761904763,,,109,32.866028708133975,36.08074162679426,10.0,10.0,3310.0,9211.0,,4,1672
14,2012,36.46086956521739,30.555555555555557,1.0,1.0,275,30.52013710368466,33.883461868037706,10.0,10.0,2341.0,9211.0,CIJ,4,1167
14,2013,27.857142857142858,23.0,1.0,1.0,69,31.544474393530997,34.017520215633425,10.0,10.0,2341.0,9211.0,IJ,4,742
14,2014,,,,,0,32.980274442538594,34.951114922813034,10.0,10.0,2341.0,6111.0,IJ,4,1166
14,2015,32.93103448275862,28.54237288135593,1.0,1.0,420,33.571955719557195,34.146678966789665,10.0,10.0,2341.0,6111.0,IJ,4,1084
14,2016,35.77272727272727,31.375,1.0,1.0,168,32.46586345381526,34.66064257028113,10.0,26.0,2341.0,6111.0,IJ,4,996
14,2017,,,,,0,33.74782608695652,35.06956521739131,10.0,10.0,6111.0,6111.0,IJ,4,690
14,2018,,,,,0,32.98765432098765,34.07583774250441,10.0,10.0,2341.0,6111.0,IJ,3,567
15,2009,,,,,0,32.60922787193974,44.7909604519774,10.0,29.0,9131.0,9211.0,,4,1062
15,2010,34.05263157894737,25.166666666666668,,,63,32.35953978906999,45.716203259827424,10.0,29.0,9131.0,9211.0,,4,1043
15,2011,36.083333333333336,31.75,,,45,33.95821185617104,45.58114674441205,10.0,29.0,9131.0,6111.0,ACIJF,4,1029
15,2012,35.45985401459854,32.48251748251748,2.0,1.0,279,33.25043177892919,41.57253886010363,10.0,29.0,2341.0,6111.0,IJ,4,1158
15,2013,35.8,28.545454545454547,1.0,1.0,66,33.04770017035775,41.44804088586031,10.0,26.0,9111.0,6111.0,IJ,4,1174
15,2014,,,,,0,33.34722222222222,45.658496732026144,10.0,10.0,9111.0,6111.0,IJ,4,1224
15,2015,35.734693877551024,30.04255319148936,2.0,1.0,348,33.13012895662368,42.73036342321219,10.0,26.0,2341.0,6111.0,IJ,4,853
15,2016,35.75,30.6,4.0,1.0,80,33.03887399463807,50.22654155495979,10.0,10.0,2341.0,6111.0,IJ,4,746
15,2017,,,,,0,33.051968503937005,38.20944881889764,10.0,10.0,5249.0,6111.0,IJ,3,635
15,2018,,,,,0,33.17560073937153,37.18853974121996,10.0,26.0,6111.0,6111.0,IJ,4,541
16,2009,,,,,0,32.76635514018692,41.75799311362518,10.0,10.0,5220.0,9211.0,,4,2033
16,2010,31.73076923076923,30.88,,,94,32.3468161794153,43.57989587505006,10.0,10.0,5220.0,9211.0,,4,2497
16,2011,34.52857142857143,30.238805970149254,,,167,32.39847328244275,43.323282442748095,10.0,10.0,9131.0,9211.0,IJ,4,2620
16,2012,38.191489361702125,32.71649484536083,1.0,1.0,389,32.00902643455835,42.05899419729207,10.0,10.0,9111.0,9211.0,IJ,4,3102
16,2013,35.096774193548384,30.612903225806452,1.0,1.0,180,31.79182937819165,40.91829378191649,10.0,10.0,5249.0,9211.0,IJ,4,3329
16,2014,,,,,0,31.92543859649123,41.412593984962406,10.0,10.0,5249.0,9211.0,IJ,4,3192
16,2015,35.11666666666667,31.68421052631579,4.0,4.0,344,31.06089193825043,36.94739851343625,10.0,10.0,5249.0,9211.0,IJ,4,3498
16,2016,35.17142857142857,32.416666666666664,4.0,4.0,212,32.92898052691867,36.664089347079035,10.0,10.0,5249.0,9211.0,IJ,4,3492
16,2017,,,,,0,32.92510073477127,35.91704195306945,10.0,10.0,5249.0,9211.0,IJ,4,4219
16,2018,,,,,0,32.9517313746065,36.410020986358866,10.0,10.0,5249.0,9211.0,IJ,3,3812
17,2009,,,,,0,33.057180851063826,39.389627659574465,10.0,10.0,9131.0,9211.0,,4,752
17,2010,37.54545454545455,31.11111111111111,,,70,32.32292787944026,38.702906350914965,10.0,10.0,9131.0,9211.0,,4,929
17,2011,35.55,31.130434782608695,,,94,32.153703703703705,36.31388888888889,10.0,10.0,9131.0,6111.0,,4,1080
17,2012,35.285714285714285,29.233009708737864,1.0,4.0,328,31.58076923076923,34.824038461538464,10.0,10.0,5249.0,6111.0,,4,1040
17,2013,37.38461538461539,27.727272727272727,4.0,4.0,108,31.054377880184333,34.30875576036866,10.0,10.0,2341.0,6111.0,Z,4,1085
17,2014,,,,,0,30.792645556690502,34.88253319713994,10.0,10.0,5249.0,6111.0,Z,4,979
17,2015,34.075471698113205,30.333333333333332,4.0,4.0,460,30.546948356807512,34.4773082942097,10.0,10.0,5249.0,6111.0,Z,3,1278
17,2016,36.95238095238095,34.04761904761905,4.0,4.0,176,30.96941176470588,34.49333333333333,46.0,26.0,5249.0,6111.0,IJ,4,1275
17,2017,,,,,0,31.83565459610028,35.13184772516249,26.0,26.0,5249.0,6111.0,IJ,4,1077
17,2018,,,,,0,32.14866581956798,35.442185514612454,46.0,46.0,5249.0,6111.0,IJ,4,787
18,2009,,,,,0,31.946581196581196,35.01602564102564,26.0,26.0,9131.0,9211.0,,4,936
18,2010,35.8,30.375,,,103,31.792616720955483,37.65255157437568,29.0,29.0,9131.0,9211.0,,3,921
18,2011,35.54545454545455,32.68181818181818,,,133,32.66626506024097,40.55180722891566,10.0,26.0,9131.0,9211.0,,4,830
18,2012,36.7,30.98936170212766,4.0,4.0,603,31.705563093622796,34.74762550881954,26.0,26.0,9111.0,9211.0,,4,737
18,2013,34.2,31.88888888888889,4.0,4.0,72,30.625307125307124,33.4987714987715,26.0,26.0,5249.0,6111.0,IJ,3,814
18,2014,,,,,0,32.08108108108108,33.74474474474474,26.0,26.0,5249.0,6111.0,IJ,3,666
18,2015,35.982142857142854,31.571428571428573,4.0,4.0,500,31.148275862068967,33.11206896551724,26.0,26.0,5249.0,6111.0,IJ,3,580
18,2016,36.0,35.27777777777778,4.0,4.0,136,31.9419795221843,34.503412969283275,26.0,26.0,5249.0,6111.0,IJ,3,586
18,2017,,,,,0,31.54953560371517,34.859133126934985,26.0,26.0,9111.0,6111.0,IJ,3,646
18,2018,,,,,0,32.690932311621964,34.485312899106006,26.0,26.0,5249.0,6111.0,IJ,3,783
19,2009,,,,,0,32.72813238770686,33.92553191489362,26.0,26.0,9131.0,9211.0,,3,846
19,2010,36.8,34.53333333333333,,,92,31.685126582278482,35.40981012658228,10.0,26.0,9131.0,9211.0,,3,632
19,2011,35.483870967741936,30.125,,,127,32.05239520958084,34.881736526946106,10.0,26.0,9131.0,9211.0,,4,668
19,2012,37.66990291262136,32.51327433628319,1.0,1.0,391,32.55521936459909,34.19213313161876,10.0,29.0,9111.0,6111.0,,4,661
19,2013,35.5,32.888888888888886,1.0,1.0,93,32.21313672922252,36.11796246648794,10.0,10.0,5249.0,6111.0,,3,746
19,2014,,,,,0,34.167381974248926,48.36766809728183,10.0,10.0,2341.0,6111.0,Z,3,699
19,2015,32.54545454545455,28.5,4.0,4.0,492,34.085385878489326,43.083743842364534,29.0,29.0,5249.0,6111.0,IJ,3,609
19,2016,33.46666666666667,31.25,1.0,4.0,136,35.291280148423006,41.55658627087198,29.0,29.0,5249.0,6111.0,IJ,4,539
19,2017,,,,,0,36.12338593974175,42.89956958393113,29.0,29.0,5249.0,6111.0,IJ,4,697
19,2018,,,,,0,34.88178913738019,40.55111821086262,29.0,29.0,5249.0,6111.0,IJ,3,626
20,2009,,,,,0,35.831761006289305,44.72641509433962,10.0,10.0,5220.0,9211.0,,4,636
20,2010,37.833333333333336,29.285714285714285,,,61,34.13112582781457,43.554966887417216,10.0,10.0,9131.0,9211.0,,4,755
20,2011,32.59090909090909,28.105263157894736,,,94,37.22222222222222,42.80222222222222,29.0,10.0,5220.0,9211.0,,4,450
20,2012,33.93023255813954,32.3,1.0,1.0,314,35.514824797843666,50.43396226415094,29.0,29.0,9211.0,6111.0,,4,371
20,2013,28.9,26.11111111111111,1.0,4.0,105,34.07972665148064,42.92027334851936,29.0,10.0,5249.0,9211.0,,3,439
20,2014,,,,,0,34.0641592920354,39.8141592920354,29.0,29.0,5249.0,6111.0,IJ,3,452
20,2015,36.285714285714285,31.19047619047619,1.0,4.0,444,33.81772151898734,40.40253164556962,29.0,29.0,5249.0,5249.0,IJ,3,395
20,2016,33.53846153846154,32.76923076923077,4.0,1.0,120,33.842233009708735,39.592233009708735,29.0,29.0,5249.0,9211.0,IJ,3,412
20,2017,,,,,0,34.323660714285715,40.25892857142857,29.0,10.0,5249.0,9211.0,IJ,3,448
20,2018,,,,,0,35.246350364963504,43.17335766423358,10.0,26.0,5249.0,9211.0,IJ,3,548
21,2009,,,,,0,31.912582781456955,33.9841059602649,10.0,10.0,9131.0,9211.0,,4,755
21,2010,35.142857142857146,34.714285714285715,,,59,31.952981651376145,34.73853211009175,10.0,10.0,5220.0,9211.0,,4,872
21,2011,32.25,30.7,,,108,32.32987220447284,33.415335463258785,10.0,10.0,6111.0,6111.0,IJ,4,1252
21,2012,42.528301886792455,32.81481481481482,1.0,1.0,243,31.86148346738159,33.9562109025916,10.0,10.0,9111.0,6111.0,,4,1119
21,2013,34.0,29.1,4.0,1.0,90,32.66985645933014,33.71052631578947,10.0,10.0,9111.0,6111.0,IJ,4,836
21,2014,,,,,0,32.41109969167523,33.356628982528264,10.0,10.0,6111.0,6111.0,IJ,4,973
21,2015,33.794117647058826,30.96969696969697,1.0,4.0,396,31.683916083916085,32.87692307692308,10.0,10.0,6111.0,6111.0,IJ,4,715
21,2016,31.714285714285715,28.25,1.0,1.0,64,32.4593220338983,34.29491525423729,10.0,10.0,6111.0,6111.0,IJ,4,590
21,2017,,,,,0,33.0214899713467,37.43553008595988,10.0,10.0,6111.0,6111.0,IJ,4,698
21,2018,,,,,0,33.29222011385199,35.93738140417457,10.0,10.0,6111.0,6111.0,IJ,4,527
22,2009,,,,,0,35.62241887905605,41.26253687315634,10.0,10.0,9211.0,9211.0,,4,678
22,2010,34.71875,30.57894736842105,,,134,34.819322459222086,45.765370138017566,10.0,29.0,5220.0,9211.0,,3,797
22,2011,34.85333333333333,30.209876543209877,,,204,33.82525252525252,44.44949494949495,10.0,29.0,6111.0,6111.0,AIJ,4,990
22,2012,35.796491228070174,31.959044368600683,1.0,1.0,692,35.33624454148472,45.65676855895197,29.0,29.0,9111.0,6111.0,,4,1145
22,2013,34.63636363636363,32.53846153846154,4.0,4.0,153,36.34417808219178,46.41095890410959,29.0,29.0,9111.0,6111.0,IJ,4,1168
22,2014,,,,,0,35.89969372128637,44.03981623277182,29.0,29.0,9111.0,6111.0,IJ,4,1306
22,2015,34.21138211382114,30.71212121212121,4.0,4.0,932,36.211976047904194,41.47305389221557,29.0,29.0,9111.0,6111.0,IJ,4,835
22,2016,38.166666666666664,32.34615384615385,2.0,4.0,204,37.267701260911736,45.34917555771096,29.0,29.0,6111.0,6111.0,IJ,4,1031
22,2017,,,,,0,37.36106032906764,44.23034734917733,29.0,29.0,6111.0,6111.0,IJ,4,1094
22,2018,,,,,0,36.790660225442835,44.409017713365536,29.0,29.0,9111.0,6111.0,IJ,4,1242
99,2009,,,,,0,40.32258064516129,51.25806451612903,10.0,29.0,9131.0,9211.0,,4,31
99,2010,,,,,0,33.6,45.168,29.0,29.0,9112.0,9211.0,,3,125
99,2011,,,,,0,39.2710843373494,43.74096385542169,29.0,29.0,5220.0,6111.0,,4,166
99,2012,,,,,0,36.62809917355372,49.53719008264463,49.0,29.0,9111.0,9211.0,IJ,4,121
99,2013,,,,,0,34.82954545454545,39.90340909090909,10.0,26.0,5249.0,9211.0,,3,176
99,2014,,,,,0,38.46031746031746,49.17460317460318,10.0,29.0,5249.0,6111.0,IJ,3,63
99,2015,,,,,0,35.28,40.76,10.0,23.0,2341.0,6111.0,IJ,3,25
99,2016,,,,,0,44.30952380952381,53.5,49.0,29.0,5249.0,6111.0,IJ,3,42
99,2017,,,,,0,36.84,47.52,29.0,49.0,2132.0,6111.0,IJ,3,25
99,2018,,,,,0,38.78947368421053,51.36842105263158,29.0,29.0,3322.0,7112.0,IJ,3,19
