DEPREG,MUPREG,MESREG,AÃ‘OREG,DIAOCU,MESOCU,DEPOCU,MUPOCU,EDADHOM,EDADMUJ,PUEHOM,PUEMUJ,NACHOM,NACMUJ,ESCHOM,ESCMUJ,CIUOHOM,CIUOMUJ
3,309,1,2015,7,8,3,309,30,27,9,9,124,320,1,1,52,NEOG
1,101,5,2015,5,12,1,101,48,999,4,9,156,320,4,1,52,51
1,101,5,2015,17,9,1,101,999,999,9,9,192,320,9,9,26,52
1,101,1,2015,4,9,1,101,42,34,9,4,208,320,1,5,52,52
1,101,5,2015,6,11,1,101,30,30,9,4,218,320,1,4,IGNORADO,NEOG
1,101,1,2015,14,10,1,101,999,999,9,9,276,320,9,9,NEOG,NEOG
1,101,1,2015,10,12,1,101,999,999,9,9,276,320,9,9,NEOG,NEOG
1,101,2,2015,17,11,1,114,28,27,9,4,320,320,1,4,12,21
1,101,1,2015,17,11,20,2001,999,999,9,9,320,320,9,9,IGNORADO,IGNORADO
1,101,1,2015,24,7,21,2106,999,999,9,9,320,320,9,9,NEOG,NEOG
1,101,1,2015,14,8,1,101,40,36,4,4,320,320,4,4,43,NEOG
1,101,1,2015,11,4,1,101,999,999,9,9,320,320,1,1,NEOG,41
1,101,1,2015,3,7,1,101,999,999,9,9,320,320,9,9,NEOG,NEOG
1,101,1,2015,25,2,1,108,999,999,4,9,320,320,4,3,NEOG,43
1,101,1,2015,15,12,1,101,999,999,9,9,320,320,9,9,IGNORADO,IGNORADO
1,101,1,2015,1,9,1,101,999,999,9,9,320,320,9,9,NEOG,NEOG
1,101,1,2015,11,9,1,101,999,999,9,9,320,320,9,9,52,NEOG
1,101,1,2015,1,12,1,101,999,999,9,9,320,320,9,9,IGNORADO,IGNORADO
1,101,1,2015,10,10,2,208,47,37,4,4,320,320,9,9,61,NEOG
1,101,1,2015,2,10,1,101,999,999,9,9,320,320,9,9,NEOG,NEOG
1,101,1,2015,22,9,1,115,999,999,9,9,320,320,9,1,NEOG,NEOG
1,101,1,2015,1,12,1,101,999,999,9,9,320,320,9,9,NEOG,NEOG
1,101,1,2015,25,9,1,101,999,999,9,9,320,320,9,9,NEOG,NEOG
1,101,1,2015,14,10,1,101,999,999,9,9,320,320,9,9,NEOG,NEOG
1,101,1,2015,5,9,1,106,40,33,9,4,320,320,9,5,IGNORADO,44
1,101,1,2015,23,10,1,108,48,45,9,4,320,320,1,4,NEOG,41
1,101,1,2015,26,11,1,101,999,999,9,9,320,320,9,9,NEOG,43
1,101,1,2015,1,12,1,101,999,999,9,9,320,320,9,9,IGNORADO,43
1,101,1,2015,3,10,1,106,999,999,9,9,320,320,9,9,IGNORADO,IGNORADO
1,101,1,2015,16,7,1,101,32,26,9,9,320,320,9,9,NEOG,NEOG
1,101,1,2015,5,9,1,101,52,999,4,9,320,320,4,9,52,NEOG
1,101,1,2015,29,9,1,101,999,999,9,9,320,320,1,1,96,NEOG
1,101,1,2015,5,12,6,602,58,59,4,4,320,320,1,1,92,NEOG
1,101,1,2015,29,9,1,101,999,999,9,9,320,320,9,9,41,NEOG
1,101,1,2015,17,10,1,107,59,51,4,4,320,320,5,2,26,NEOG
1,101,1,2015,31,7,1,101,999,999,9,9,320,320,9,9,92,NEOG
1,101,1,2015,20,11,1,101,999,999,9,9,320,9999,9,9,75,NEOG
1,101,1,2015,27,6,1,101,999,999,9,9,320,320,9,9,61,NEOG
1,101,1,2015,1,12,1,101,999,999,9,9,320,320,9,9,NEOG,IGNORADO
1,101,1,2015,4,9,1,101,999,999,9,9,320,320,9,9,NEOG,NEOG
1,101,1,2015,22,10,1,101,999,999,9,9,320,320,9,9,21,NEOG
1,101,1,2015,29,10,1,108,999,999,9,9,320,9999,9,9,31,23
1,101,1,2015,3,11,1,101,46,38,4,4,320,320,5,5,21,23
1,101,1,2015,11,12,22,2212,23,20,4,4,320,320,4,4,NEOG,41
1,101,1,2015,12,8,1,101,999,999,9,9,320,320,9,9,34,NEOG
1,101,1,2015,19,9,1,115,999,999,9,9,320,320,9,9,NEOG,NEOG
1,101,1,2015,15,12,1,101,999,999,9,9,320,320,9,9,NEOG,NEOG
1,101,1,2015,17,11,1,101,999,999,9,9,320,320,9,9,NEOG,NEOG
1,101,1,2015,27,10,1,101,999,999,9,9,320,320,9,9,52,NEOG
1,101,1,2015,28,10,1,101,29,29,4,4,320,320,4,4,43,35
1,101,1,2015,24,10,1,101,999,999,9,9,320,320,1,1,NEOG,NEOG
1,101,1,2015,22,10,1,101,999,999,9,9,320,320,9,9,NEOG,NEOG
1,101,1,2015,8,10,15,1504,47,34,9,4,320,320,2,4,71,34
1,101,1,2015,13,10,9,901,999,999,9,9,320,320,9,9,NEOG,IGNORADO
1,101,1,2015,8,12,1,101,999,999,9,9,320,320,9,9,IGNORADO,IGNORADO
1,101,1,2015,15,12,1,101,999,999,9,9,320,320,9,9,IGNORADO,IGNORADO
1,101,1,2015,24,11,14,1401,31,34,1,4,320,320,2,4,NEOG,NEOG
1,101,1,2015,23,9,1,101,28,30,4,4,320,320,5,5,34,24
1,101,1,2015,10,11,1,117,32,29,4,4,320,320,4,4,NEOG,41
1,101,1,2015,13,10,1,101,999,999,9,9,320,320,9,9,24,41
1,101,1,2015,4,4,1,108,999,999,9,9,320,320,9,9,NEOG,NEOG
1,101,1,2015,6,11,1,101,999,999,9,9,320,320,1,1,IGNORADO,IGNORADO
1,101,1,2015,24,11,1,101,23,23,4,4,320,1034,4,5,NEOG,NEOG
1,101,1,2015,28,10,1,101,32,37,4,4,320,320,4,5,NEOG,26
1,101,1,2015,29,10,1,101,26,26,9,9,320,320,9,9,34,35
1,101,1,2015,5,5,1,101,999,999,9,9,320,320,9,9,92,NEOG
1,101,1,2015,20,11,1,101,999,999,9,9,320,320,9,9,IGNORADO,IGNORADO
1,101,1,2015,11,12,1,115,37,30,4,4,320,320,4,9,NEOG,NEOG
1,101,1,2015,22,9,1,101,30,32,4,4,320,320,5,4,25,23
1,101,1,2015,30,12,1,101,53,52,9,4,320,320,4,3,NEOG,51
1,101,2,2015,28,11,1,116,999,999,9,9,320,320,9,9,IGNORADO,IGNORADO
1,101,2,2015,17,11,1,101,999,999,9,9,320,320,9,1,43,41
1,101,2,2015,10,10,1,101,33,26,4,4,320,320,5,4,24,42
1,101,2,2015,19,9,1,101,999,999,9,9,320,320,9,9,NEOG,NEOG
1,101,2,2015,9,10,1,108,999,999,9,9,320,320,9,9,NEOG,NEOG
1,101,2,2015,18,7,1,101,41,38,4,4,320,320,5,5,NEOG,24
1,101,2,2015,22,9,1,101,999,999,9,9,320,320,9,9,NEOG,NEOG
1,101,2,2015,8,9,1,115,43,38,9,9,320,320,1,1,34,NEOG
1,101,2,2015,11,11,9,901,999,999,9,9,320,320,9,9,21,21
1,101,2,2015,9,10,1,101,26,24,4,4,320,320,4,4,52,41
1,101,2,2015,6,10,1,105,73,30,4,4,320,320,9,9,IGNORADO,IGNORADO
1,101,2,2015,9,12,1,101,999,999,9,9,320,320,9,9,NEOG,NEOG
1,101,2,2015,7,11,1,115,999,31,9,1,320,320,9,3,NEOG,NEOG
1,101,2,2015,5,12,10,1008,999,999,9,9,320,320,9,9,IGNORADO,IGNORADO
1,101,2,2015,11,12,1,101,999,999,9,9,320,320,9,9,81,NEOG
1,101,2,2015,6,11,1,101,999,999,9,9,320,320,9,9,41,NEOG
1,101,2,2015,15,12,1,101,999,999,9,9,320,320,9,9,NEOG,NEOG
1,101,2,2015,8,12,1,101,29,27,9,4,320,320,1,5,NEOG,NEOG
1,101,2,2015,22,7,1,101,999,999,9,9,320,320,9,9,IGNORADO,IGNORADO
1,101,2,2015,9,10,1,101,999,999,9,9,320,320,9,9,NEOG,NEOG
1,101,2,2015,26,9,1,101,33,36,4,4,320,320,4,4,72,11
1,101,2,2015,11,2,3,301,999,999,9,9,320,320,9,9,NEOG,IGNORADO
1,101,2,2015,1,9,1,116,25,29,4,4,320,320,3,2,71,81
1,101,2,2015,10,11,1,101,999,999,9,9,320,320,9,9,NEOG,41
1,101,2,2015,25,9,1,101,999,999,9,9,320,320,9,9,33,35
1,101,2,2015,10,11,1,108,999,999,9,9,320,320,9,9,52,NEOG
1,101,2,2015,11,9,1,101,999,999,9,9,320,340,9,9,NEOG,NEOG
1,101,2,2015,27,3,1,101,999,999,9,9,320,320,1,1,IGNORADO,IGNORADO
1,101,2,2015,27,11,5,503,999,999,9,9,320,320,9,9,IGNORADO,IGNORADO
1,101,2,2015,13,11,1,101,999,999,9,9,320,320,9,9,NEOG,NEOG
1,101,2,2015,24,11,1,106,999,999,9,9,320,320,9,9,IGNORADO,IGNORADO
1,101,2,2015,27,11,6,613,40,36,4,9,320,320,2,9,71,IGNORADO
1,101,2,2015,6,8,1,101,999,999,9,9,320,320,9,9,IGNORADO,IGNORADO
1,101,2,2015,23,9,1,101,999,999,9,9,320,320,9,9,NEOG,NEOG
1,101,2,2015,2,7,1,108,999,999,9,9,320,320,9,9,NEOG,NEOG
1,101,2,2015,3,11,1,101,999,999,9,9,320,320,9,9,NEOG,41
1,101,2,2015,9,4,1,101,50,999,4,9,320,320,4,9,71,NEOG
1,101,2,2015,15,12,1,101,999,999,9,9,320,320,9,9,NEOG,41
1,101,2,2015,1,12,1,101,999,999,9,9,320,320,9,9,75,NEOG
1,101,2,2015,5,12,1,101,46,35,4,4,320,320,2,4,51,NEOG
1,101,2,2015,22,9,1,101,999,999,9,9,320,320,9,9,NEOG,NEOG
1,101,2,2015,11,4,3,309,38,27,9,9,320,320,1,1,NEOG,23
1,101,2,2015,16,10,1,114,999,999,9,9,320,320,9,9,IGNORADO,IGNORADO
1,101,2,2015,13,11,1,101,56,999,9,9,320,320,9,9,NEOG,41
1,101,2,2015,5,12,1,101,999,999,9,9,320,320,9,9,24,44
1,101,2,2015,30,10,1,101,999,999,9,9,320,320,9,9,NEOG,NEOG
1,101,2,2015,11,12,1,101,999,999,9,9,320,320,9,9,72,NEOG
1,101,2,2015,5,12,16,1601,999,39,1,4,320,320,9,4,NEOG,41
1,101,2,2015,11,12,1,108,999,999,9,9,320,320,9,9,92,NEOG
1,101,2,2015,1,12,21,2107,56,51,4,4,320,320,1,2,61,51
1,101,2,2015,22,7,1,115,999,999,9,9,320,320,9,9,NEOG,NEOG
1,101,2,2015,5,11,7,704,999,999,1,1,320,320,9,1,NEOG,NEOG
1,101,2,2015,16,10,1,101,999,999,9,9,320,320,9,9,NEOG,NEOG
1,101,2,2015,28,11,1,101,999,999,9,9,320,320,9,9,43,NEOG
1,101,2,2015,2,12,1,101,999,999,9,9,320,320,9,9,22,24
1,101,2,2015,24,10,1,101,999,999,9,9,320,320,9,9,52,NEOG
1,101,2,2015,26,9,1,101,999,999,4,4,320,320,9,9,NEOG,NEOG
1,101,2,2015,18,7,1,103,46,35,4,4,320,320,2,2,IGNORADO,NEOG
1,101,2,2015,17,7,1,101,999,999,9,9,320,320,9,9,43,41
1,101,2,2015,27,10,1,101,999,999,9,9,320,320,9,9,NEOG,NEOG
1,101,2,2015,23,12,1,108,999,999,9,9,320,320,1,1,61,NEOG
1,101,2,2015,23,5,1,101,999,999,9,9,320,320,9,9,34,NEOG
1,101,2,2015,11,11,3,301,58,36,9,9,320,320,1,1,22,41
1,101,2,2015,19,12,1,101,999,999,9,9,320,320,9,9,74,NEOG
1,101,2,2015,18,11,1,101,999,999,9,9,320,320,9,9,23,NEOG
1,101,2,2015,26,11,1,102,26,21,4,4,320,320,4,4,NEOG,NEOG
1,101,2,2015,5,12,1,101,999,999,9,9,320,320,9,1,NEOG,NEOG
1,101,2,2015,8,12,1,101,37,33,4,4,320,320,5,5,52,26
1,101,2,2015,20,11,1,101,999,999,9,9,320,320,9,9,21,22
1,101,2,2015,10,11,1,101,999,999,9,9,320,320,9,9,NEOG,NEOG
1,101,2,2015,12,11,6,605,999,999,9,9,320,320,9,9,IGNORADO,IGNORADO
1,101,2,2015,19,12,1,101,999,999,9,9,320,320,9,9,IGNORADO,IGNORADO
1,101,2,2015,24,10,1,101,999,999,9,9,320,320,9,9,NEOG,NEOG
1,101,2,2015,21,8,1,101,999,999,9,9,320,320,9,9,NEOG,NEOG
1,101,2,2015,5,9,5,501,999,999,9,9,320,320,9,9,IGNORADO,IGNORADO
1,101,2,2015,16,10,1,101,999,999,9,9,320,320,9,9,IGNORADO,IGNORADO
1,101,2,2015,6,10,1,101,999,999,9,9,320,320,9,9,31,34
1,101,2,2015,17,1,1,116,999,999,9,9,320,320,9,9,IGNORADO,IGNORADO
1,101,2,2015,1,12,1,101,28,29,4,9,320,320,2,9,31,NEOG
1,101,3,2015,30,12,6,603,999,999,9,9,320,9999,9,1,61,IGNORADO
1,101,3,2015,4,11,1,101,40,22,4,4,320,320,2,3,71,NEOG
1,101,3,2015,1,12,1,101,32,28,9,9,320,320,5,1,35,43
1,101,3,2015,16,10,1,101,27,27,4,4,320,320,4,4,35,51
1,101,3,2015,23,10,1,101,39,41,9,9,320,320,1,1,NEOG,NEOG
1,101,3,2015,6,3,1,106,999,999,9,9,320,320,9,9,IGNORADO,IGNORADO
1,101,3,2015,10,12,1,101,999,999,9,9,320,320,9,9,NEOG,NEOG
1,101,3,2015,30,9,1,101,999,999,9,9,320,320,9,9,NEOG,NEOG
1,101,3,2015,14,11,1,101,999,999,9,9,320,320,9,9,21,21
1,101,3,2015,21,7,1,101,999,999,9,9,320,320,9,9,23,23
1,101,3,2015,30,1,1,101,999,63,9,9,320,723,9,1,12,NEOG
1,101,3,2015,13,11,1,101,999,999,9,9,320,320,9,9,NEOG,NEOG
1,101,3,2015,8,12,16,1609,27,24,1,1,320,320,2,1,NEOG,NEOG
1,101,3,2015,13,8,1,101,45,43,4,4,320,320,5,4,34,NEOG
1,101,3,2015,12,12,1,101,999,999,9,9,320,320,9,9,NEOG,NEOG
1,101,3,2015,29,12,1,108,999,999,9,9,320,320,9,9,NEOG,NEOG
1,101,3,2015,25,9,1,101,999,999,9,9,320,320,1,9,NEOG,NEOG
1,101,3,2015,24,7,1,101,34,35,4,4,320,320,5,4,25,NEOG
1,101,3,2015,10,9,3,302,999,999,9,9,320,840,9,1,IGNORADO,IGNORADO
1,101,3,2015,13,11,1,115,32,30,9,9,320,320,9,9,NEOG,NEOG
1,101,3,2015,15,12,1,101,999,999,9,9,320,320,9,9,IGNORADO,IGNORADO
1,101,3,2015,16,10,1,101,999,999,9,9,320,320,9,1,IGNORADO,IGNORADO
1,101,3,2015,11,9,1,115,999,999,9,9,320,320,9,9,NEOG,43
1,101,3,2015,14,7,12,1201,60,999,9,9,320,320,1,1,35,NEOG
1,101,3,2015,15,12,1,101,999,999,9,9,320,320,9,9,NEOG,NEOG
1,101,3,2015,16,10,1,101,999,999,9,9,320,320,9,9,NEOG,NEOG
1,101,3,2015,8,7,1,113,999,999,9,9,320,320,9,9,NEOG,21
1,101,3,2015,3,11,5,501,999,999,9,9,320,320,9,9,NEOG,NEOG
1,101,3,2015,22,8,1,101,26,31,4,4,320,320,5,4,NEOG,NEOG
1,101,3,2015,5,8,1,101,999,999,9,9,320,320,9,9,NEOG,NEOG
1,101,3,2015,8,12,1,107,58,53,4,4,320,320,4,2,52,NEOG
1,101,3,2015,28,8,1,108,999,999,9,9,320,320,1,1,IGNORADO,IGNORADO
1,101,3,2015,12,11,1,115,30,38,4,4,320,320,2,4,81,23
1,101,3,2015,15,12,3,308,999,999,9,9,320,320,9,9,IGNORADO,IGNORADO
1,101,3,2015,19,12,1,101,999,999,9,9,320,320,9,9,83,NEOG
1,101,3,2015,10,11,1,101,999,999,9,9,320,320,1,1,NEOG,NEOG
1,101,3,2015,24,11,1,102,38,35,4,4,320,320,5,5,21,22
1,101,3,2015,3,9,1,101,999,999,9,9,320,320,9,9,35,41
1,101,3,2015,2,12,1,101,999,999,9,9,320,320,9,9,NEOG,NEOG
1,101,3,2015,6,10,1,101,999,999,9,9,320,320,9,9,NEOG,NEOG
1,101,3,2015,30,9,5,502,999,999,9,9,320,320,9,9,IGNORADO,IGNORADO
1,101,3,2015,25,9,1,116,32,26,4,4,320,320,3,2,71,51
1,101,3,2015,24,9,12,1212,55,52,4,4,320,320,4,2,52,NEOG
1,101,3,2015,29,9,1,101,999,999,9,9,320,320,9,9,92,NEOG
1,101,3,2015,3,12,9,903,51,49,9,1,320,320,9,4,IGNORADO,23
1,101,3,2015,24,11,1,108,999,999,9,9,320,320,9,9,71,NEOG
1,101,3,2015,1,10,1,102,36,28,4,4,320,320,4,4,52,NEOG
1,101,3,2015,9,12,1,101,999,999,9,9,320,320,9,9,NEOG,NEOG
1,101,3,2015,27,11,1,101,999,999,9,9,320,320,9,9,IGNORADO,32
1,101,3,2015,12,9,1,101,26,23,4,4,320,320,4,4,NEOG,NEOG
1,101,3,2015,3,11,1,101,999,999,9,9,320,320,9,9,NEOG,NEOG
1,101,3,2015,30,12,1,101,999,999,9,9,320,320,9,9,NEOG,NEOG
1,101,3,2015,21,5,1,101,999,999,9,9,320,320,1,9,NEOG,NEOG
1,101,4,2015,16,10,1,101,999,23,9,4,320,320,9,3,75,NEOG
1,101,4,2015,4,11,1,101,999,999,9,9,320,320,1,1,IGNORADO,IGNORADO
1,101,4,2015,7,10,1,106,999,999,9,9,320,320,9,9,IGNORADO,IGNORADO
1,101,4,2015,15,12,1,101,999,999,9,9,320,320,9,9,21,NEOG
1,101,4,2015,18,8,6,605,999,999,9,9,320,320,9,9,11,NEOG
1,101,4,2015,26,11,1,101,37,37,9,4,320,320,9,4,11,NEOG
1,101,4,2015,24,11,1,101,999,999,9,9,320,320,1,1,NEOG,NEOG
1,101,4,2015,28,10,1,101,999,999,9,9,320,320,9,9,52,NEOG
1,101,4,2015,15,4,1,101,999,999,9,9,320,320,1,1,IGNORADO,IGNORADO
1,101,4,2015,23,12,1,108,999,999,9,9,320,320,1,1,43,41
1,101,4,2015,6,11,5,512,999,999,9,9,320,320,9,9,IGNORADO,IGNORADO
1,101,4,2015,3,10,1,101,999,999,9,9,320,320,9,9,81,NEOG
1,101,4,2015,17,11,1,101,999,999,9,9,320,320,9,9,IGNORADO,IGNORADO
1,101,4,2015,30,4,1,108,999,999,9,9,320,320,1,1,43,41
1,101,4,2015,23,7,1,101,29,27,4,4,320,320,4,4,35,42
1,101,4,2015,24,3,13,1327,999,999,9,9,320,320,1,1,IGNORADO,IGNORADO
1,101,4,2015,9,4,1,113,32,32,4,4,320,320,5,5,26,26
1,101,4,2015,30,9,1,101,999,999,9,9,320,320,9,9,IGNORADO,IGNORADO
1,101,4,2015,10,1,1,102,40,999,4,9,320,320,3,9,71,IGNORADO
1,101,4,2015,14,8,1,101,999,999,9,9,320,320,1,9,NEOG,NEOG
1,101,4,2015,10,11,1,115,999,999,9,9,320,320,9,9,NEOG,NEOG
1,101,4,2015,5,11,1,101,999,999,9,9,320,320,9,9,NEOG,NEOG
1,101,4,2015,5,9,1,101,999,999,9,9,320,320,1,1,33,NEOG
1,101,4,2015,30,12,11,1106,26,18,4,4,320,320,3,3,NEOG,NEOG
1,101,4,2015,29,5,1,116,999,999,9,9,320,320,9,9,71,NEOG
1,101,4,2015,28,10,1,108,999,999,9,9,320,320,9,1,52,23
1,101,4,2015,19,12,1,101,999,999,4,4,320,320,1,1,IGNORADO,IGNORADO
1,101,4,2015,2,12,1,101,36,33,4,4,320,320,4,5,52,52
1,101,4,2015,3,12,1,101,999,999,9,9,320,320,9,9,43,23
1,101,4,2015,5,11,1,101,999,999,9,9,320,320,9,9,43,IGNORADO
1,101,4,2015,18,9,1,108,43,38,4,4,320,320,3,5,81,24
1,101,4,2015,30,12,1,103,39,30,4,4,320,320,4,5,24,12
1,101,4,2015,30,12,3,301,999,999,4,4,320,320,9,9,IGNORADO,IGNORADO
1,101,4,2015,3,3,1,111,46,39,9,9,320,320,1,1,IGNORADO,IGNORADO
1,101,4,2015,7,10,12,1217,39,999,4,9,320,320,9,9,IGNORADO,IGNORADO
1,101,4,2015,6,11,1,101,999,999,9,9,320,320,9,9,IGNORADO,IGNORADO
1,101,4,2015,9,10,1,101,999,999,9,9,320,320,9,9,NEOG,NEOG
1,101,4,2015,14,4,1,101,999,999,9,9,320,320,9,9,NEOG,NEOG
1,101,4,2015,30,12,1,115,999,999,9,9,320,320,9,9,NEOG,NEOG
1,101,4,2015,5,6,1,101,42,42,4,4,320,320,2,4,83,33
1,101,5,2015,22,8,1,101,999,999,9,9,320,320,9,9,NEOG,NEOG
1,101,5,2015,7,11,1,101,999,999,9,9,320,723,9,9,NEOG,NEOG
1,101,5,2015,3,4,1,101,999,999,9,9,320,320,1,1,23,23
1,101,5,2015,5,3,1,101,27,30,9,4,320,320,9,4,34,41
1,101,5,2015,1,12,1,101,999,999,9,9,320,320,9,9,72,41
1,101,5,2015,13,10,1,101,28,29,4,4,320,320,2,4,54,35
1,101,5,2015,24,10,14,1401,44,43,1,1,320,320,4,4,52,52
1,101,5,2015,30,12,1,108,41,45,9,9,320,320,4,9,43,NEOG
1,101,5,2015,14,10,1,101,999,999,9,9,320,320,9,9,31,NEOG
1,101,5,2015,26,5,1,101,999,999,9,9,320,320,9,9,43,NEOG
1,101,5,2015,15,12,1,101,999,999,9,9,320,320,9,9,NEOG,NEOG
1,101,5,2015,6,10,1,101,999,999,9,9,320,320,9,9,IGNORADO,IGNORADO
1,101,5,2015,17,11,1,101,999,36,9,4,320,320,9,5,IGNORADO,26
1,101,5,2015,24,1,1,115,999,999,9,9,320,320,9,9,73,43
1,101,5,2015,15,12,1,101,40,40,9,4,320,320,9,4,35,24
1,101,5,2015,7,5,1,101,999,999,9,9,320,320,9,9,NEOG,NEOG
1,101,5,2015,17,12,1,115,24,21,4,4,320,320,4,4,21,NEOG
1,101,5,2015,24,9,1,101,999,999,9,9,320,320,9,9,NEOG,NEOG
1,101,5,2015,24,11,1,112,73,67,4,4,320,320,9,9,35,NEOG
1,101,5,2015,13,10,3,301,999,999,9,9,320,320,9,9,IGNORADO,IGNORADO
1,101,5,2015,9,12,1,101,999,999,9,9,320,320,9,9,52,NEOG
1,101,5,2015,5,11,21,2103,999,999,9,9,320,320,9,9,92,NEOG
1,101,5,2015,3,12,1,101,999,999,9,9,320,320,9,9,NEOG,NEOG
1,101,5,2015,4,12,3,301,999,999,9,9,320,724,9,9,IGNORADO,IGNORADO
1,101,5,2015,24,10,1,101,29,23,4,4,320,320,3,3,NEOG,NEOG
1,101,5,2015,5,8,12,1216,999,999,9,9,320,320,9,9,IGNORADO,IGNORADO
1,101,5,2015,9,9,1,101,999,999,9,9,320,320,9,9,NEOG,23
1,101,5,2015,21,11,1,115,999,999,9,9,320,320,9,1,92,NEOG
1,101,5,2015,26,8,1,101,999,999,9,9,320,320,1,1,23,41
1,101,5,2015,23,9,1,101,999,999,9,9,320,320,9,9,NEOG,NEOG
1,101,6,2015,24,11,1,101,999,999,9,9,320,320,1,1,43,41
1,101,6,2015,22,9,16,1609,33,30,4,1,320,320,4,2,54,NEOG
1,101,6,2015,26,9,1,101,34,30,4,4,320,320,5,5,21,26
1,101,6,2015,24,11,1,101,999,46,9,9,320,32,9,1,54,NEOG
1,101,6,2015,11,11,22,2207,38,34,9,9,320,320,9,9,IGNORADO,IGNORADO
1,101,6,2015,8,12,1,101,999,999,9,9,320,320,9,9,NEOG,NEOG
1,101,6,2015,12,9,1,108,999,999,9,9,320,320,1,1,NEOG,NEOG
1,101,6,2015,2,10,1,101,42,32,9,9,320,320,1,1,24,32
1,101,6,2015,29,1,1,101,33,28,4,4,320,320,4,4,NEOG,NEOG
1,101,6,2015,30,10,1,101,999,999,9,9,320,320,9,9,12,41
1,101,6,2015,30,12,2,201,999,999,4,4,320,320,9,9,IGNORADO,IGNORADO
1,101,6,2015,27,10,6,609,999,999,9,9,320,320,9,9,IGNORADO,IGNORADO
1,101,6,2015,11,9,1,101,999,999,9,9,320,320,9,9,NEOG,NEOG
1,101,6,2015,2,9,1,101,999,999,9,9,320,320,9,9,43,41
1,101,6,2015,29,8,1,101,999,999,9,9,320,320,9,1,43,IGNORADO
1,101,6,2015,8,9,1,106,26,26,4,4,320,320,9,4,NEOG,NEOG
1,101,6,2015,7,2,1,101,999,999,9,9,320,320,9,9,IGNORADO,IGNORADO
1,101,6,2015,24,7,14,1421,39,999,4,9,320,320,9,9,NEOG,NEOG
5,506,1,2015,10,10,5,506,999,999,9,9,320,320,9,9,IGNORADO,IGNORADO
5,506,2,2015,14,11,5,506,999,999,9,9,320,320,9,9,IGNORADO,IGNORADO
5,506,2,2015,5,11,5,506,999,999,9,9,320,320,9,9,IGNORADO,IGNORADO
5,506,2,2015,19,9,1,101,38,41,4,4,320,320,4,4,33,23
5,506,2,2015,5,11,1,116,999,999,9,9,320,320,9,9,IGNORADO,IGNORADO
5,506,2,2015,22,10,5,506,999,999,9,9,320,320,9,9,IGNORADO,IGNORADO
5,506,3,2015,26,3,5,506,999,999,9,9,320,320,9,9,IGNORADO,IGNORADO
5,506,3,2015,29,9,5,506,26,27,9,4,320,320,1,4,NEOG,41
5,506,4,2015,15,12,5,506,999,999,9,9,320,320,9,9,IGNORADO,IGNORADO
5,504,2,2015,9,10,5,501,999,999,9,9,320,320,9,9,NEOG,NEOG
5,504,3,2015,3,10,18,1803,999,999,9,9,320,320,9,9,IGNORADO,IGNORADO
5,504,5,2015,3,12,5,502,999,999,9,9,320,320,9,9,IGNORADO,IGNORADO
5,509,1,2015,27,8,1,101,999,999,9,9,320,320,9,9,61,81
5,509,1,2015,30,10,5,510,31,29,4,4,320,320,4,4,NEOG,33
5,509,3,2015,9,12,5,509,999,999,9,9,320,320,9,9,43,NEOG
5,509,3,2015,30,8,5,510,30,28,4,4,320,320,3,4,54,23
5,509,4,2015,3,3,5,503,999,999,9,9,320,320,9,9,IGNORADO,IGNORADO
5,509,4,2015,29,10,5,509,31,23,4,4,320,320,4,2,NEOG,NEOG
5,509,4,2015,18,9,5,509,39,28,9,4,320,320,9,2,61,NEOG
5,509,5,2015,29,8,5,509,999,999,9,9,320,320,9,9,IGNORADO,IGNORADO
5,509,5,2015,11,12,5,509,999,999,9,9,320,320,9,9,IGNORADO,IGNORADO
5,509,5,2015,29,10,5,509,25,21,4,4,320,320,2,3,83,NEOG
10,1003,1,2015,19,6,10,1003,25,21,4,4,320,320,2,1,NEOG,NEOG
10,1003,1,2015,23,10,10,1001,999,999,9,9,320,320,9,9,IGNORADO,NEOG
10,1003,2,2015,5,12,10,1003,999,999,9,9,320,320,9,9,NEOG,NEOG
10,1003,2,2015,12,11,10,1003,28,17,4,9,320,320,4,1,43,NEOG
10,1003,6,2015,12,12,10,1003,999,999,9,9,320,320,9,9,NEOG,NEOG
17,1702,5,2015,30,12,17,1702,41,39,4,4,320,320,3,2,52,NEOG
17,1704,3,2015,30,12,17,1704,999,999,9,9,320,320,9,9,NEOG,NEOG
3,309,6,2015,2,12,3,309,999,999,9,9,320,320,9,9,IGNORADO,IGNORADO
7,717,3,2015,9,9,7,717,999,999,9,9,320,320,9,9,92,NEOG
11,1101,1,2015,12,11,11,1101,999,999,9,9,320,320,9,9,IGNORADO,IGNORADO
11,1101,1,2015,14,11,11,1101,25,20,4,4,320,320,3,4,NEOG,NEOG
11,1101,1,2015,4,9,11,1101,999,39,9,9,320,320,9,9,IGNORADO,IGNORADO
11,1101,1,2015,3,12,11,1101,999,999,9,9,320,320,9,9,IGNORADO,IGNORADO
11,1101,2,2015,19,11,6,604,38,35,9,9,320,320,1,1,61,NEOG
11,1101,2,2015,12,12,9,920,999,999,9,9,320,320,1,1,61,NEOG
11,1101,2,2015,2,12,13,1314,999,999,9,9,320,320,9,9,IGNORADO,IGNORADO
11,1101,2,2015,30,9,11,1101,999,999,9,9,320,320,9,9,IGNORADO,IGNORADO
11,1101,2,2015,30,10,11,1107,999,999,9,9,320,320,9,9,61,NEOG
11,1101,3,2015,12,11,11,1101,999,999,9,9,320,320,9,9,IGNORADO,IGNORADO
11,1101,3,2015,19,11,11,1101,999,999,9,9,320,320,9,9,IGNORADO,IGNORADO
11,1101,3,2015,26,3,5,511,28,29,4,4,320,320,4,2,NEOG,NEOG
11,1101,3,2015,6,5,11,1101,999,999,9,9,320,320,9,9,IGNORADO,IGNORADO
11,1101,3,2015,16,12,5,501,999,42,9,9,320,320,9,9,71,01
11,1101,3,2015,26,9,11,1101,999,999,9,9,320,320,9,9,IGNORADO,IGNORADO
11,1101,3,2015,30,12,1,117,999,999,9,9,320,320,9,9,IGNORADO,IGNORADO
11,1101,4,2015,12,11,11,1104,37,999,9,9,320,320,1,9,NEOG,NEOG
11,1101,6,2015,14,11,11,1105,999,999,9,9,320,320,9,9,IGNORADO,NEOG
14,1401,1,2015,13,11,14,1401,22,18,1,9,320,320,3,1,NEOG,NEOG
14,1401,1,2015,25,11,14,1401,999,999,9,9,320,320,1,9,IGNORADO,IGNORADO
14,1401,2,2015,1,12,14,1401,999,999,9,9,320,320,9,1,IGNORADO,IGNORADO
14,1412,2,2015,25,11,14,1412,55,32,4,4,320,320,2,4,61,34
14,1412,2,2015,9,10,14,1412,999,999,9,9,320,320,9,9,IGNORADO,IGNORADO
14,1412,2,2015,28,10,14,1412,25,24,1,1,320,320,1,1,61,NEOG
14,1412,3,2015,30,10,14,1412,999,999,9,9,320,320,9,9,61,IGNORADO
14,1412,3,2015,30,12,14,1412,999,999,9,9,320,320,9,9,IGNORADO,IGNORADO
14,1412,3,2015,30,12,14,1412,999,999,9,9,320,320,9,9,IGNORADO,IGNORADO
14,1412,3,2015,12,11,14,1412,999,999,9,9,320,320,9,9,IGNORADO,IGNORADO
14,1412,3,2015,13,11,14,1412,999,999,9,9,320,320,9,9,IGNORADO,IGNORADO
14,1412,4,2015,2,10,14,1412,35,999,4,4,320,320,4,4,54,IGNORADO
11,1103,1,2015,18,11,11,1103,38,22,4,4,320,320,3,2,93,NEOG
11,1103,2,2015,4,11,11,1103,999,999,9,9,320,320,9,9,IGNORADO,IGNORADO
11,1103,5,2015,4,9,11,1103,999,999,9,9,320,320,9,9,IGNORADO,IGNORADO
13,1303,5,2015,6,11,13,1308,999,999,9,9,320,320,9,9,IGNORADO,IGNORADO
14,1405,6,2015,18,11,14,1405,30,21,1,1,320,320,4,3,23,NEOG
11,1107,3,2015,30,10,11,1101,999,999,9,9,320,320,9,9,IGNORADO,IGNORADO
11,1107,4,2015,10,12,11,1107,999,34,9,4,320,320,9,4,NEOG,23
13,1305,3,2015,2,6,13,1305,25,26,1,1,320,320,2,2,61,NEOG
13,1307,1,2015,24,10,13,1307,999,999,9,9,320,320,9,9,IGNORADO,IGNORADO
14,1410,1,2015,27,11,14,1410,40,36,1,1,320,320,1,3,26,NEOG
14,1410,2,2015,1,10,14,1410,50,50,9,1,320,320,2,1,61,NEOG
15,1502,1,2015,17,9,15,1502,999,999,9,9,320,320,1,9,IGNORADO,IGNORADO
15,1502,1,2015,6,11,15,1502,34,999,9,9,320,320,1,9,43,IGNORADO
15,1503,1,2015,25,11,15,1503,25,21,1,4,320,320,3,3,23,NEOG
15,1503,1,2015,4,7,15,1503,27,25,1,1,320,320,4,3,52,NEOG
15,1503,2,2015,4,7,15,1503,27,25,1,1,320,320,4,3,52,NEOG
15,1503,3,2015,18,12,15,1503,999,999,9,9,320,320,9,9,IGNORADO,IGNORADO
15,1503,3,2015,10,2,15,1503,999,65,9,1,320,320,9,1,92,NEOG
20,2008,1,2015,3,12,20,2008,37,37,4,4,320,320,2,2,61,NEOG
20,2008,1,2015,10,12,20,2008,31,33,4,4,320,320,1,2,61,NEOG
20,2008,3,2015,24,10,20,2008,24,21,4,4,320,320,4,4,33,NEOG
22,2211,3,2015,22,9,22,2211,999,999,9,9,320,320,9,9,61,NEOG
15,1507,1,2015,4,11,15,1507,25,25,9,9,320,320,1,1,NEOG,NEOG
15,1507,1,2015,17,12,15,1507,999,999,9,9,320,320,9,9,IGNORADO,IGNORADO
15,1507,2,2015,25,9,15,1507,999,999,9,9,320,320,9,9,IGNORADO,IGNORADO
15,1508,6,2015,8,12,15,1508,27,20,4,1,320,320,3,2,54,NEOG
20,2007,1,2015,3,10,20,2007,38,999,4,9,320,320,3,9,74,IGNORADO
20,2007,1,2015,7,11,20,2007,999,999,9,9,320,320,9,9,IGNORADO,IGNORADO
20,2007,1,2015,24,11,20,2007,999,999,9,9,320,320,9,9,IGNORADO,IGNORADO
20,2007,1,2015,3,10,20,2007,999,999,9,9,320,320,9,9,IGNORADO,IGNORADO
20,2007,1,2015,19,11,20,2007,27,26,4,4,320,320,4,4,NEOG,NEOG
20,2007,2,2015,1,12,20,2007,39,36,9,9,320,320,9,9,IGNORADO,IGNORADO
20,2007,3,2015,19,11,20,2007,999,999,9,9,320,320,9,9,IGNORADO,IGNORADO
20,2007,3,2015,25,6,20,2007,999,999,4,4,320,320,1,1,23,23
20,2007,3,2015,4,6,20,2007,999,999,4,4,320,320,9,9,IGNORADO,IGNORADO
20,2007,3,2015,14,11,20,2007,37,36,9,4,320,320,9,2,IGNORADO,NEOG
20,2007,5,2015,19,9,20,2007,40,24,4,4,320,320,2,2,61,NEOG
2,201,1,2015,7,10,4,414,999,27,9,4,320,320,9,9,NEOG,NEOG
2,201,1,2015,17,12,2,207,25,21,4,4,320,320,9,9,61,NEOG
2,201,2,2015,23,10,2,201,27,23,4,4,320,320,2,4,74,33
2,201,2,2015,30,10,2,201,23,37,4,4,320,320,3,4,NEOG,NEOG
2,201,3,2015,22,9,2,201,30,25,4,4,320,320,5,1,NEOG,NEOG
2,201,4,2015,15,12,2,207,999,999,4,4,320,320,9,9,IGNORADO,IGNORADO
2,201,4,2015,18,8,12,1214,999,23,4,4,320,320,1,2,NEOG,NEOG
2,201,5,2015,14,11,2,201,24,21,4,4,320,320,4,4,52,NEOG
2,203,2,2015,23,12,2,203,999,999,9,9,320,320,9,9,IGNORADO,IGNORADO
2,204,1,2015,1,12,2,204,999,999,9,9,320,320,9,9,NEOG,41
2,204,1,2015,18,12,2,204,999,999,9,9,320,320,9,9,92,NEOG
2,204,1,2015,18,11,2,204,21,19,4,4,320,320,3,3,NEOG,NEOG
2,206,2,2015,15,10,2,206,999,999,9,9,320,320,9,9,IGNORADO,IGNORADO
2,206,6,2015,3,10,2,206,24,22,9,4,320,320,4,4,23,NEOG
2,202,1,2015,18,12,2,202,40,44,4,4,320,170,3,1,83,IGNORADO
2,207,1,2015,8,10,2,207,999,999,9,9,320,320,9,9,NEOG,NEOG
2,207,2,2015,21,10,2,207,25,22,4,4,320,320,3,3,52,NEOG
2,207,2,2015,23,10,2,207,36,39,4,4,320,320,3,3,61,NEOG
2,207,2,2015,8,10,2,207,999,999,9,9,320,320,9,9,61,NEOG
2,207,3,2015,28,11,2,207,999,999,9,9,320,320,9,9,NEOG,NEOG
2,208,3,2015,1,12,2,208,31,20,4,4,320,320,4,4,23,NEOG
5,501,1,2015,10,10,5,501,999,999,9,9,320,320,9,9,33,NEOG
5,501,1,2015,21,10,5,501,62,61,9,9,320,320,1,1,NEOG,NEOG
5,501,1,2015,5,12,5,501,36,31,4,9,320,320,5,4,21,33
5,501,1,2015,7,5,5,501,999,43,9,4,320,320,9,2,IGNORADO,52
5,501,1,2015,9,9,5,501,999,999,4,9,320,320,1,9,IGNORADO,IGNORADO
5,501,1,2015,5,12,5,501,42,999,4,9,320,320,2,9,71,IGNORADO
5,501,2,2015,7,11,1,101,51,37,4,4,320,320,4,4,26,41
5,501,2,2015,13,10,5,501,999,999,9,9,320,320,9,9,IGNORADO,IGNORADO
5,501,2,2015,17,12,5,501,37,40,4,4,320,320,4,2,NEOG,51
5,501,3,2015,10,12,5,501,49,49,4,9,320,320,2,9,93,IGNORADO
5,501,3,2015,1,9,5,501,35,24,5,4,320,320,4,4,52,43
5,501,3,2015,19,12,5,501,999,999,9,9,320,320,1,9,IGNORADO,IGNORADO
5,501,3,2015,19,12,5,501,999,999,9,9,320,320,9,9,IGNORADO,IGNORADO
5,501,3,2015,22,12,5,501,27,25,4,4,320,320,9,9,83,23
5,501,3,2015,22,5,5,501,999,999,9,9,320,320,1,1,IGNORADO,IGNORADO
5,501,4,2015,30,10,5,501,999,999,9,9,320,320,9,1,IGNORADO,IGNORADO
5,501,4,2015,1,4,5,501,999,999,9,9,320,320,1,1,NEOG,NEOG
5,501,4,2015,10,12,5,501,999,47,4,4,320,320,1,2,IGNORADO,NEOG
5,501,6,2015,23,4,5,501,999,999,9,9,320,320,9,9,NEOG,NEOG
6,608,2,2015,17,11,6,609,999,999,9,9,320,320,9,9,IGNORADO,IGNORADO
6,608,2,2015,18,9,6,608,999,999,9,9,320,320,9,9,IGNORADO,IGNORADO
6,608,2,2015,12,8,6,608,999,999,9,9,320,320,9,9,IGNORADO,IGNORADO
6,608,4,2015,15,4,6,611,999,999,9,9,320,320,9,9,IGNORADO,IGNORADO
6,608,4,2015,18,9,6,608,28,26,9,4,320,320,9,4,NEOG,35
18,1804,1,2015,9,12,18,1804,999,999,9,9,320,320,9,9,IGNORADO,IGNORADO
18,1804,1,2015,15,12,18,1804,999,999,9,9,320,320,9,9,IGNORADO,IGNORADO
18,1804,1,2015,30,10,18,1804,999,999,9,9,320,320,1,9,IGNORADO,IGNORADO
18,1804,1,2015,30,10,18,1804,34,999,4,9,320,320,1,1,35,IGNORADO
18,1804,2,2015,11,12,18,1804,28,26,4,4,320,320,4,4,NEOG,NEOG
18,1804,4,2015,3,11,18,1804,999,999,9,9,320,320,9,9,IGNORADO,IGNORADO
18,1804,5,2015,1,4,18,1804,999,999,9,9,320,320,9,9,IGNORADO,IGNORADO
22,2201,1,2015,22,10,22,2201,34,27,4,9,320,320,4,1,NEOG,NEOG
22,2201,1,2015,18,12,22,2201,42,999,4,9,320,320,2,1,52,NEOG
22,2201,1,2015,10,10,22,2201,33,32,4,5,320,320,3,2,61,NEOG
22,2201,1,2015,26,9,22,2201,27,29,4,4,320,320,4,4,NEOG,43
22,2201,2,2015,5,5,22,2201,27,29,9,9,320,320,1,1,31,NEOG
22,2201,2,2015,19,12,22,2201,26,29,9,9,320,320,1,4,NEOG,NEOG
22,2201,2,2015,16,6,22,2201,999,50,9,9,320,320,9,1,26,IGNORADO
22,2201,2,2015,9,9,22,2201,999,999,9,9,320,320,9,9,IGNORADO,IGNORADO
22,2201,2,2015,19,11,22,2201,999,999,9,9,320,320,9,9,IGNORADO,IGNORADO
22,2201,2,2015,18,12,22,2201,999,999,9,9,320,320,9,1,IGNORADO,IGNORADO
22,2201,2,2015,28,11,22,2201,25,23,1,1,320,320,4,4,61,NEOG
22,2201,3,2015,18,12,22,2201,24,17,4,9,320,320,3,1,61,NEOG
22,2201,4,2015,12,11,22,2201,999,999,9,9,320,320,9,9,IGNORADO,IGNORADO
22,2201,4,2015,24,10,22,2201,999,999,9,9,320,320,9,9,IGNORADO,IGNORADO
22,2201,4,2015,10,12,22,2201,47,45,4,4,320,320,2,2,61,NEOG
22,2201,4,2015,28,11,22,2201,999,999,4,9,320,320,1,9,IGNORADO,IGNORADO
22,2201,5,2015,11,12,22,2201,999,999,9,9,320,320,9,9,IGNORADO,IGNORADO
22,2201,6,2015,27,5,22,2201,44,40,9,9,320,320,1,1,NEOG,23
6,603,2,2015,6,11,6,603,999,999,9,9,320,320,9,9,IGNORADO,IGNORADO
4,405,2,2015,17,2,1,101,999,999,9,9,320,320,9,9,NEOG,NEOG
6,601,1,2015,25,11,6,601,33,32,4,4,320,320,4,4,52,52
6,601,2,2015,3,12,6,601,999,999,9,9,320,320,9,9,92,NEOG
6,601,2,2015,5,10,6,606,999,999,9,9,320,320,9,9,61,NEOG
6,604,3,2015,11,7,6,604,999,999,9,9,320,320,9,9,NEOG,NEOG
22,2217,2,2015,20,11,22,2217,999,999,9,9,320,320,9,9,IGNORADO,IGNORADO
22,2217,2,2015,14,2,22,2217,999,999,9,4,320,320,9,1,NEOG,NEOG
6,605,4,2015,24,10,1,115,999,999,9,9,320,320,9,9,NEOG,NEOG
6,614,2,2015,25,11,6,602,42,24,4,4,320,320,2,3,61,51
6,614,2,2015,17,9,6,603,999,999,9,9,320,320,9,9,IGNORADO,IGNORADO
6,614,3,2015,17,11,6,614,999,999,9,9,320,320,9,9,IGNORADO,IGNORADO
6,614,4,2015,6,2,6,614,999,999,9,9,320,320,9,9,IGNORADO,IGNORADO
22,2204,3,2015,3,12,22,2204,32,26,4,4,320,320,4,4,34,41
22,2215,1,2015,10,11,22,2215,999,999,9,9,320,320,9,9,61,IGNORADO
22,2215,3,2015,3,9,22,2215,999,999,9,9,320,320,9,9,61,IGNORADO
18,1802,5,2015,12,11,18,1801,999,999,9,9,320,320,9,9,NEOG,IGNORADO
18,1803,5,2015,19,6,18,1803,999,999,9,9,320,320,9,9,IGNORADO,IGNORADO
10,1002,2,2015,18,9,10,1002,999,24,9,4,320,320,1,2,NEOG,NEOG
10,1002,2,2015,21,11,10,1002,999,999,4,4,320,320,1,1,NEOG,NEOG
10,1002,6,2015,25,9,10,1002,54,999,4,9,320,320,2,1,61,NEOG
10,1002,6,2015,12,12,10,1002,46,999,9,9,320,320,9,9,IGNORADO,NEOG
10,1004,1,2015,5,11,10,1004,37,28,1,4,320,320,4,4,33,23
10,1004,1,2015,22,12,10,1004,999,23,9,4,320,320,9,4,NEOG,NEOG
10,1004,4,2015,31,7,10,1004,27,18,9,1,320,320,9,4,IGNORADO,NEOG
10,1019,5,2015,31,1,10,1019,27,26,9,1,320,320,9,2,IGNORADO,NEOG
11,1102,1,2015,27,8,11,1101,33,32,4,4,320,320,3,3,IGNORADO,IGNORADO
11,1102,1,2015,19,5,11,1102,30,31,9,9,320,320,2,2,NEOG,NEOG
11,1102,1,2015,27,11,11,1103,999,999,9,9,320,320,9,9,IGNORADO,IGNORADO
11,1102,2,2015,8,10,11,1102,999,999,9,9,320,320,9,9,61,NEOG
11,1102,5,2015,5,9,11,1102,27,20,4,4,320,320,2,2,61,NEOG
11,1104,2,2015,23,5,11,1101,999,31,9,9,320,320,9,9,IGNORADO,IGNORADO
11,1105,1,2015,4,8,1,101,999,999,9,9,320,320,9,9,33,23
11,1108,1,2015,15,10,11,1108,999,999,9,9,320,320,9,9,61,NEOG
11,1108,1,2015,12,11,11,1108,999,999,9,9,320,320,9,9,IGNORADO,IGNORADO
11,1108,5,2015,31,7,11,1108,999,999,9,9,320,320,9,9,61,NEOG
11,1108,5,2015,4,12,10,1010,30,21,1,1,320,320,3,3,NEOG,NEOG
17,1709,1,2015,1,10,17,1712,31,25,4,4,320,320,2,2,52,NEOG
17,1709,4,2015,7,8,20,2011,999,999,9,9,320,320,1,1,61,NEOG
17,1703,1,2015,24,2,17,1703,999,999,9,9,320,320,9,9,61,IGNORADO
17,1703,2,2015,26,11,17,1703,49,999,4,9,320,320,2,9,61,NEOG
6,602,3,2015,21,5,6,602,999,999,4,4,320,320,1,1,IGNORADO,IGNORADO
22,2209,6,2015,28,11,22,2209,999,999,9,4,320,320,9,2,92,NEOG
10,1005,1,2015,17,12,10,1005,38,999,4,9,320,320,4,9,NEOG,NEOG
14,1419,1,2015,5,12,14,1419,26,28,1,1,320,320,3,3,NEOG,NEOG
5,505,1,2015,17,9,5,505,999,999,9,9,320,320,9,9,61,NEOG
5,505,2,2015,14,10,5,505,999,999,9,9,320,320,9,9,IGNORADO,IGNORADO
5,505,2,2015,19,12,5,501,23,21,4,4,320,320,3,2,52,NEOG
5,505,5,2015,10,10,5,505,999,999,9,9,320,320,9,9,61,NEOG
14,1413,1,2015,4,11,14,1413,999,999,9,9,320,320,9,9,NEOG,NEOG
16,1603,2,2015,9,12,16,1603,33,19,1,1,320,320,5,4,21,NEOG
16,1603,2,2015,14,10,16,1603,62,56,1,1,320,320,1,1,IGNORADO,IGNORADO
16,1603,2,2015,15,7,16,1603,33,24,1,1,320,320,3,2,NEOG,NEOG
16,1603,4,2015,8,12,4,410,29,25,1,1,320,320,2,2,83,NEOG
16,1603,4,2015,13,10,16,1603,999,999,9,9,320,320,1,1,NEOG,IGNORADO
16,1604,3,2015,20,6,16,1604,42,30,4,4,320,320,5,4,NEOG,NEOG
17,1705,2,2015,2,12,17,1705,999,999,9,9,320,320,9,9,IGNORADO,IGNORADO
17,1705,3,2015,17,12,17,1705,999,999,9,9,320,320,9,9,IGNORADO,IGNORADO
19,1903,1,2015,18,11,19,1903,999,999,4,4,320,320,9,9,IGNORADO,IGNORADO
20,2005,1,2015,8,7,20,2005,999,999,9,9,320,320,9,9,61,IGNORADO
20,2005,2,2015,4,11,20,2005,999,999,9,9,320,320,9,9,IGNORADO,IGNORADO
20,2010,2,2015,21,10,20,2010,34,22,9,4,320,320,5,4,33,NEOG
20,2011,1,2015,25,11,20,2009,999,999,4,9,320,320,2,9,IGNORADO,IGNORADO
20,2011,1,2015,30,7,20,2011,43,38,4,9,320,320,3,3,NEOG,NEOG
20,2011,1,2015,3,10,22,2203,58,999,9,9,320,320,2,9,75,IGNORADO
20,2011,2,2015,6,11,5,506,38,999,9,9,320,320,1,1,IGNORADO,IGNORADO
20,2011,3,2015,14,11,19,1901,25,22,4,4,320,320,4,3,33,34
20,2011,6,2015,24,10,20,2011,21,30,4,4,320,320,2,4,NEOG,NEOG
20,2011,6,2015,28,8,20,2011,28,33,4,4,320,320,4,9,NEOG,NEOG
22,2202,1,2015,18,12,22,2202,54,999,4,4,320,320,1,1,92,NEOG
22,2202,1,2015,29,5,22,2202,999,999,9,9,320,320,9,9,IGNORADO,IGNORADO
22,2202,1,2015,19,8,22,2202,36,24,4,4,320,320,5,2,52,NEOG
22,2202,2,2015,15,7,22,2202,999,33,9,4,320,320,9,2,NEOG,NEOG
22,2202,2,2015,11,12,22,2202,999,999,9,9,320,320,9,9,IGNORADO,IGNORADO
22,2212,1,2015,1,12,22,2212,999,999,9,9,320,320,9,9,IGNORADO,IGNORADO
22,2212,3,2015,28,7,22,2212,50,999,4,4,320,320,2,9,61,IGNORADO
22,2212,3,2015,17,11,22,2212,35,999,4,9,320,320,4,9,33,IGNORADO
22,2212,5,2015,30,10,22,2212,999,999,9,9,320,320,9,1,IGNORADO,IGNORADO
6,609,1,2015,10,9,6,609,999,31,9,4,320,320,9,4,IGNORADO,23
6,609,2,2015,12,8,6,609,999,999,9,9,320,320,9,9,IGNORADO,IGNORADO
20,2009,1,2015,28,10,20,2009,30,21,4,4,320,320,2,3,61,NEOG
20,2009,2,2015,1,10,20,2009,27,28,4,4,320,320,3,4,NEOG,NEOG
20,2009,4,2015,30,12,20,2009,999,999,9,9,320,320,9,9,92,NEOG
20,2009,6,2015,25,6,20,2009,22,18,4,4,320,320,3,2,61,NEOG
20,2002,1,2015,17,9,20,2002,999,999,9,9,320,320,1,1,IGNORADO,IGNORADO
20,2002,3,2015,1,8,20,2002,23,37,4,4,320,320,2,2,61,NEOG
19,1905,1,2015,29,5,19,1905,23,20,4,4,320,320,2,1,NEOG,NEOG
19,1905,4,2015,14,7,19,1905,999,999,9,9,320,320,9,9,IGNORADO,IGNORADO
19,1906,2,2015,25,11,19,1906,999,999,9,9,320,320,9,9,IGNORADO,IGNORADO
16,1602,2,2015,3,11,15,1501,32,29,4,4,320,320,1,4,IGNORADO,IGNORADO
16,1602,2,2015,6,10,16,1602,59,52,1,1,320,320,2,1,92,NEOG
16,1602,3,2015,6,5,16,1601,24,22,1,1,320,320,4,2,43,NEOG
16,1602,3,2015,28,10,16,1602,35,25,4,1,320,320,1,2,61,NEOG
15,1505,1,2015,17,1,15,1505,999,999,9,9,320,320,9,9,IGNORADO,IGNORADO
15,1505,1,2015,11,9,15,1505,999,999,9,9,320,320,9,9,IGNORADO,IGNORADO
15,1505,2,2015,15,10,15,1505,24,20,4,4,320,320,3,3,NEOG,NEOG
4,409,2,2015,29,10,4,409,999,999,9,9,320,320,9,9,NEOG,NEOG
10,1012,2,2015,5,11,10,1012,999,999,9,9,320,320,9,9,IGNORADO,IGNORADO
17,1712,1,2015,13,10,17,1712,999,999,9,9,320,320,9,9,IGNORADO,IGNORADO
17,1712,1,2015,15,10,17,1708,47,43,4,4,320,320,2,2,83,NEOG
17,1712,1,2015,26,11,17,1712,37,999,1,9,320,320,4,9,23,IGNORADO
17,1712,1,2015,19,11,17,1712,999,999,9,9,320,320,9,9,IGNORADO,IGNORADO
17,1712,2,2015,17,7,17,1708,999,999,9,9,320,320,9,9,61,NEOG
17,1712,2,2015,22,10,10,1003,40,39,4,4,320,320,4,4,61,NEOG
17,1712,2,2015,11,12,17,1712,999,999,9,9,320,9999,9,9,NEOG,41
17,1712,3,2015,20,6,18,1801,999,36,9,4,320,320,9,4,NEOG,43
17,1712,3,2015,9,10,17,1712,999,999,9,9,320,320,9,9,IGNORADO,IGNORADO
4,416,2,2015,20,11,4,401,999,999,9,9,320,320,9,9,IGNORADO,IGNORADO
4,416,3,2015,10,10,4,416,24,18,4,1,320,320,4,3,72,NEOG
10,1008,1,2015,10,10,10,1008,999,999,1,1,320,320,1,1,IGNORADO,IGNORADO
10,1008,2,2015,8,9,10,1008,999,999,9,9,320,320,9,9,72,34
15,1506,1,2015,10,10,15,1506,999,999,9,9,320,320,9,9,61,NEOG
15,1506,4,2015,4,12,15,1506,43,35,4,4,320,320,2,2,61,NEOG
19,1902,2,2015,30,12,2,205,999,999,4,4,320,320,1,1,61,NEOG
19,1902,2,2015,29,12,19,1901,999,999,9,9,320,320,9,9,73,34
12,1216,1,2015,29,5,12,1216,999,999,9,9,320,320,9,9,IGNORADO,IGNORADO
12,1216,1,2015,3,12,12,1216,999,999,9,9,320,320,9,9,IGNORADO,IGNORADO
12,1216,1,2015,8,10,12,1216,999,40,9,4,320,320,9,2,IGNORADO,NEOG
12,1216,1,2015,6,10,12,1216,999,999,9,9,320,320,9,9,IGNORADO,IGNORADO
12,1216,2,2015,8,4,12,1216,999,999,9,9,320,320,9,9,IGNORADO,IGNORADO
12,1216,3,2015,17,12,12,1216,999,999,9,9,320,320,9,9,IGNORADO,IGNORADO
12,1216,4,2015,2,12,12,1216,999,999,9,9,320,320,9,9,IGNORADO,IGNORADO
12,1216,6,2015,23,12,12,1216,999,999,9,9,320,320,9,9,IGNORADO,IGNORADO
5,502,1,2015,1,8,5,502,999,999,9,9,320,320,9,9,IGNORADO,IGNORADO
5,502,2,2015,9,10,5,502,999,999,9,9,320,320,9,9,IGNORADO,IGNORADO
5,502,2,2015,9,10,5,502,32,32,4,4,320,320,9,9,NEOG,NEOG
5,502,2,2015,18,12,5,502,999,999,9,9,320,320,9,9,61,NEOG
5,502,2,2015,27,10,5,502,999,999,9,9,320,320,9,9,21,41
5,502,2,2015,10,9,5,502,999,999,9,9,320,320,9,9,IGNORADO,IGNORADO
5,502,2,2015,3,12,10,1002,999,999,9,9,320,320,9,9,NEOG,NEOG
5,502,2,2015,24,10,5,502,999,999,9,9,320,320,9,9,NEOG,NEOG
5,502,3,2015,11,12,5,502,999,999,9,9,320,320,9,9,NEOG,NEOG
5,502,3,2015,2,12,5,502,999,999,9,9,320,320,9,9,IGNORADO,IGNORADO
5,502,3,2015,8,8,5,502,999,999,9,9,320,320,9,9,NEOG,41
5,502,4,2015,30,12,5,502,999,999,9,9,320,320,1,9,IGNORADO,IGNORADO
15,1501,1,2015,19,6,15,1501,38,33,4,4,320,320,3,3,61,NEOG
15,1501,2,2015,12,5,16,1607,999,999,9,9,320,320,9,9,61,NEOG
15,1501,2,2015,17,11,15,1501,999,999,9,9,320,320,9,9,NEOG,NEOG
15,1501,3,2015,12,11,15,1501,25,30,4,9,320,320,3,2,NEOG,NEOG
15,1501,5,2015,26,11,15,1501,49,45,4,4,320,320,2,2,52,IGNORADO
17,1701,1,2015,24,10,17,1701,999,999,9,9,320,320,9,9,52,IGNORADO
17,1701,1,2015,3,10,17,1701,999,999,9,9,320,320,9,9,NEOG,NEOG
17,1701,1,2015,17,11,17,1703,24,22,4,4,320,320,3,4,93,33
17,1701,1,2015,16,12,1,108,37,999,4,9,320,320,5,9,22,NEOG
17,1701,3,2015,17,12,17,1703,999,999,9,9,320,320,9,9,43,IGNORADO
4,408,2,2015,4,4,5,510,48,47,4,4,320,320,2,2,33,NEOG
4,408,5,2015,24,3,5,507,999,999,9,9,320,320,9,9,61,IGNORADO
6,611,1,2015,4,11,1,101,32,27,4,4,320,320,4,4,NEOG,NEOG
6,611,2,2015,30,12,6,608,999,999,9,9,320,320,9,9,IGNORADO,IGNORADO
6,611,3,2015,14,7,6,611,29,20,4,4,320,320,4,4,NEOG,NEOG
10,1017,2,2015,17,9,10,1017,27,26,4,4,320,320,4,4,31,23
10,1017,3,2015,23,9,10,1017,999,999,9,9,320,320,9,9,NEOG,NEOG
16,1610,1,2015,28,11,16,1610,26,19,1,1,320,320,4,3,34,NEOG
16,1610,3,2015,30,12,16,1601,999,999,9,9,320,320,9,9,52,NEOG
22,2205,1,2015,25,11,22,2205,41,35,4,4,320,320,9,4,52,NEOG
22,2205,1,2015,19,11,22,2205,41,999,4,9,320,320,1,9,52,IGNORADO
22,2205,1,2015,30,10,22,2205,46,44,4,4,320,320,2,2,61,75
22,2205,1,2015,3,12,22,2205,29,22,4,9,320,320,3,1,81,23
22,2205,1,2015,3,11,22,2205,22,25,4,4,320,320,4,4,31,23
22,2205,2,2015,3,11,22,2205,40,26,4,4,320,320,4,3,NEOG,NEOG
22,2205,3,2015,16,12,22,2205,999,999,9,9,320,320,9,9,IGNORADO,IGNORADO
22,2205,6,2015,10,11,22,2205,999,999,9,9,320,320,9,9,IGNORADO,IGNORADO
11,1109,1,2015,30,12,1,108,46,31,9,9,320,320,9,9,52,NEOG
11,1109,1,2015,28,9,11,1109,999,999,4,4,320,320,1,1,IGNORADO,IGNORADO
11,1109,1,2015,21,8,11,1109,999,999,9,9,320,320,9,9,61,NEOG
5,512,2,2015,2,10,1,101,999,999,9,9,320,320,9,9,61,IGNORADO
5,512,4,2015,2,11,1,106,999,999,9,9,320,320,9,9,IGNORADO,IGNORADO
5,512,4,2015,6,11,2,202,999,999,9,9,320,320,9,9,IGNORADO,IGNORADO
20,2006,1,2015,3,11,20,2006,999,999,9,9,320,320,9,9,IGNORADO,IGNORADO
10,1014,1,2015,3,12,10,1014,27,27,4,9,320,320,4,9,NEOG,NEOG
16,1609,3,2015,8,10,16,1609,999,999,9,9,320,320,9,9,IGNORADO,IGNORADO
5,511,1,2015,14,10,5,511,999,999,9,9,320,320,9,9,IGNORADO,IGNORADO
5,511,1,2015,15,12,5,511,999,999,9,9,320,320,9,9,IGNORADO,IGNORADO
5,511,1,2015,6,5,5,511,45,999,4,9,320,320,2,9,83,IGNORADO
10,1010,3,2015,19,9,10,1010,18,18,4,1,320,320,3,2,83,NEOG
10,1013,1,2015,24,1,10,1013,31,23,1,1,320,320,9,4,NEOG,NEOG
12,1217,1,2015,24,10,12,1217,29,21,4,4,320,320,4,2,33,NEOG
12,1217,1,2015,27,10,12,1217,30,29,4,4,320,320,1,1,IGNORADO,IGNORADO
12,1217,1,2015,2,12,12,1217,30,27,4,4,320,320,3,4,33,33
12,1217,2,2015,22,10,12,1217,19,18,4,4,320,320,3,4,NEOG,NEOG
12,1217,3,2015,10,12,11,1107,999,34,9,4,320,320,9,4,NEOG,23
1,102,1,2015,28,7,1,102,40,38,4,4,320,320,9,9,52,NEOG
1,102,1,2015,2,12,1,102,47,43,4,4,320,320,9,2,72,NEOG
1,102,2,2015,5,11,1,102,999,999,9,9,320,320,9,9,IGNORADO,IGNORADO
1,102,4,2015,21,11,22,2217,999,999,9,9,320,320,9,9,IGNORADO,IGNORADO
1,102,4,2015,18,11,1,101,999,999,9,9,320,320,9,9,NEOG,NEOG
10,1001,1,2015,11,9,12,1215,999,33,4,9,320,320,1,5,IGNORADO,52
10,1001,1,2015,19,9,10,1004,34,31,4,4,320,320,4,4,43,41
10,1001,1,2015,22,12,10,1001,999,38,9,4,320,320,9,4,IGNORADO,41
10,1001,1,2015,12,12,10,1001,999,999,9,9,320,320,9,9,IGNORADO,IGNORADO
10,1001,1,2015,18,9,5,506,999,999,9,9,320,320,9,9,IGNORADO,IGNORADO
10,1001,1,2015,7,10,10,1014,38,36,4,4,320,320,4,2,74,NEOG
10,1001,1,2015,28,11,10,1002,999,999,9,9,320,320,1,1,NEOG,NEOG
10,1001,2,2015,10,10,10,1001,999,999,9,9,320,320,9,9,IGNORADO,IGNORADO
10,1001,2,2015,15,10,11,1107,53,44,4,4,320,320,9,2,61,NEOG
10,1001,2,2015,30,12,10,1001,999,999,9,9,320,320,9,9,IGNORADO,IGNORADO
10,1001,2,2015,19,9,10,1001,29,35,9,9,320,320,1,1,NEOG,NEOG
10,1001,2,2015,12,11,10,1003,35,27,9,4,320,320,1,3,NEOG,52
10,1001,2,2015,29,9,1,115,999,999,9,9,320,320,9,9,NEOG,NEOG
10,1001,2,2015,16,10,10,1001,999,999,9,9,320,320,9,9,IGNORADO,IGNORADO
10,1001,3,2015,22,12,10,1001,999,999,9,9,320,320,9,1,IGNORADO,IGNORADO
10,1001,3,2015,2,10,10,1001,32,25,4,4,320,320,4,4,31,23
10,1001,3,2015,28,8,10,1001,30,31,4,4,320,320,4,4,NEOG,23
10,1001,4,2015,3,12,10,1001,999,999,9,9,320,320,9,9,IGNORADO,IGNORADO
10,1001,4,2015,22,12,10,1002,68,37,4,4,320,320,2,2,52,NEOG
10,1001,4,2015,12,9,10,1001,25,23,4,4,320,320,9,4,NEOG,NEOG
10,1001,5,2015,14,10,10,1001,40,37,4,4,320,320,3,4,72,41
14,1406,5,2015,30,7,14,1406,38,29,1,1,320,320,1,1,61,NEOG
9,922,1,2015,28,4,9,920,32,40,4,4,320,320,9,9,NEOG,23
9,922,1,2015,29,4,9,922,24,18,9,4,320,320,9,2,IGNORADO,NEOG
16,1601,1,2015,6,8,16,1601,45,37,9,9,320,320,9,9,61,NEOG
16,1601,1,2015,17,10,16,1610,999,999,9,9,320,320,9,9,IGNORADO,IGNORADO
16,1601,1,2015,30,10,16,1610,999,999,9,9,320,320,9,9,IGNORADO,IGNORADO
16,1601,1,2015,29,8,16,1606,999,999,9,9,320,320,9,9,92,NEOG
16,1601,1,2015,12,12,16,1609,999,999,4,4,320,320,9,9,IGNORADO,IGNORADO
16,1601,1,2015,21,7,16,1601,999,999,9,9,320,320,1,1,61,NEOG
16,1601,1,2015,13,5,16,1601,41,37,1,1,320,320,1,4,52,NEOG
16,1601,1,2015,13,3,16,1603,999,999,9,9,320,320,9,9,NEOG,NEOG
16,1601,1,2015,6,8,16,1601,41,37,1,1,320,320,1,4,52,NEOG
16,1601,1,2015,12,6,16,1601,999,999,9,9,320,320,9,9,NEOG,NEOG
16,1601,1,2015,7,2,16,1601,999,999,9,9,320,320,9,9,52,NEOG
16,1601,1,2015,19,11,16,1601,32,28,4,9,320,320,5,1,35,NEOG
16,1601,2,2015,30,10,16,1601,999,999,9,9,320,320,9,9,41,NEOG
16,1601,3,2015,1,12,16,1601,42,999,4,9,320,320,4,1,34,NEOG
16,1601,3,2015,29,12,16,1601,44,27,1,1,320,320,4,3,43,52
16,1601,3,2015,17,10,12,1222,999,999,9,9,320,320,9,9,IGNORADO,IGNORADO
16,1601,3,2015,7,11,16,1604,999,999,1,9,320,320,1,9,IGNORADO,IGNORADO
16,1601,3,2015,12,12,1,101,999,999,9,9,320,320,9,9,72,NEOG
16,1601,4,2015,5,12,16,1601,999,999,9,9,320,320,1,1,NEOG,NEOG
16,1601,4,2015,12,12,16,1601,35,35,4,4,320,320,2,4,83,41
16,1601,5,2015,10,7,16,1601,999,999,9,9,320,320,9,9,83,NEOG
16,1601,5,2015,19,12,16,1605,19,19,1,1,320,320,2,1,92,NEOG
19,1909,1,2015,4,11,19,1909,999,999,9,9,320,320,9,9,IGNORADO,IGNORADO
1,116,1,2015,9,9,1,116,45,999,4,9,320,320,3,9,IGNORADO,IGNORADO
1,116,1,2015,17,9,1,116,999,28,9,4,320,320,9,4,IGNORADO,NEOG
1,116,1,2015,11,11,1,116,26,25,4,4,320,320,4,4,72,43
1,116,2,2015,11,9,3,307,999,999,9,9,320,320,9,9,IGNORADO,IGNORADO
1,116,2,2015,10,9,1,116,999,999,9,9,320,320,9,9,IGNORADO,IGNORADO
1,116,2,2015,30,9,1,101,25,26,4,4,320,320,3,3,81,NEOG
1,116,2,2015,11,8,1,116,26,25,4,4,320,320,3,3,43,NEOG
1,116,4,2015,2,12,1,116,999,31,9,4,320,320,9,9,IGNORADO,NEOG
1,116,4,2015,18,12,1,115,999,999,9,9,320,320,9,9,61,52
1,116,4,2015,17,11,1,116,36,32,4,4,320,320,4,4,12,51
1,116,6,2015,18,7,1,101,999,999,9,9,320,320,9,9,IGNORADO,IGNORADO
4,415,1,2015,3,9,4,415,999,999,9,9,320,320,1,9,IGNORADO,IGNORADO
4,415,2,2015,14,2,4,401,48,28,4,1,320,320,1,1,61,NEOG
4,415,3,2015,19,9,4,401,999,999,9,9,320,320,9,9,IGNORADO,IGNORADO
4,415,3,2015,24,4,4,415,33,999,4,9,320,320,9,9,IGNORADO,IGNORADO
5,503,1,2015,30,9,5,501,999,999,9,9,320,320,9,9,NEOG,NEOG
5,503,1,2015,10,11,5,501,38,24,4,4,320,320,5,4,21,NEOG
5,503,2,2015,25,3,5,501,44,32,4,4,320,320,5,4,24,34
5,503,6,2015,3,11,5,501,40,39,4,4,320,320,4,2,52,NEOG
5,513,2,2015,23,1,5,513,999,999,9,9,320,320,9,9,IGNORADO,IGNORADO
5,513,2,2015,17,3,5,513,999,999,9,9,320,320,9,9,IGNORADO,IGNORADO
5,513,4,2015,15,8,5,513,23,25,4,4,320,320,9,9,61,NEOG
5,513,4,2015,23,1,5,513,999,999,9,9,320,320,9,9,IGNORADO,IGNORADO
5,513,6,2015,11,12,5,513,41,23,4,4,320,320,9,9,61,NEOG
11,1106,1,2015,17,9,11,1106,999,30,9,9,320,320,9,2,NEOG,75
16,1615,1,2015,10,11,6,613,999,999,9,9,320,320,9,9,IGNORADO,IGNORADO
1,101,1,2015,17,11,1,101,999,999,9,9,320,320,9,9,51,NEOG
1,101,1,2015,16,7,1,115,999,39,9,4,320,320,9,4,NEOG,44
1,101,1,2015,3,11,1,101,999,999,9,9,320,320,1,1,NEOG,41
1,101,1,2015,24,10,1,101,999,999,9,9,320,320,9,9,NEOG,NEOG
1,101,1,2015,3,11,1,101,42,30,4,4,320,320,5,5,21,26
1,101,1,2015,29,8,1,117,34,29,4,4,320,320,3,4,IGNORADO,IGNORADO
1,101,1,2015,29,9,1,101,999,999,9,9,320,320,9,9,35,IGNORADO
1,101,1,2015,1,12,1,108,999,999,9,9,320,320,4,9,35,NEOG
1,101,1,2015,29,9,1,101,999,999,9,9,320,320,9,9,NEOG,NEOG
1,101,1,2015,26,8,1,108,44,34,4,4,320,320,4,5,12,24
1,101,1,2015,7,8,16,1601,999,999,9,9,320,320,9,9,NEOG,NEOG
1,101,1,2015,7,8,1,101,999,999,9,9,320,320,1,1,21,43
1,101,1,2015,13,10,1,101,34,32,4,4,320,320,4,5,23,26
1,101,1,2015,29,9,1,101,30,33,4,4,320,320,5,4,NEOG,NEOG
1,101,1,2015,27,8,1,117,32,999,4,9,320,320,2,9,91,IGNORADO
1,101,1,2015,6,11,1,101,999,999,9,9,320,320,9,9,IGNORADO,IGNORADO
1,101,1,2015,6,10,1,101,32,34,4,4,320,320,4,5,24,24
1,101,1,2015,27,10,5,501,999,999,9,9,320,320,9,9,IGNORADO,IGNORADO
1,101,1,2015,26,9,1,101,999,999,9,9,320,320,9,9,NEOG,NEOG
1,101,1,2015,10,10,1,115,999,999,9,9,320,320,9,9,NEOG,NEOG
1,101,1,2015,12,12,1,108,999,999,9,9,320,320,9,9,52,41
1,101,1,2015,29,10,1,108,999,999,9,9,320,320,9,9,92,NEOG
1,101,1,2015,10,10,1,101,999,999,9,9,320,222,9,9,52,NEOG
1,101,1,2015,6,10,1,101,999,999,9,9,320,320,9,9,22,NEOG
1,101,1,2015,19,8,1,101,999,999,9,9,320,320,9,9,26,21
1,101,1,2015,1,10,1,101,999,999,9,9,320,320,9,9,31,41
1,101,1,2015,16,9,1,115,999,999,9,9,320,320,9,9,71,NEOG
1,101,1,2015,8,9,1,101,999,999,9,9,320,320,9,9,NEOG,NEOG
1,101,1,2015,7,10,1,101,999,999,9,9,320,320,9,9,34,41
1,101,1,2015,13,10,13,1304,59,999,4,9,320,320,2,9,61,IGNORADO
1,101,1,2015,14,3,1,102,47,44,4,4,320,320,5,5,25,24
1,101,1,2015,3,11,19,1901,999,999,9,9,320,320,9,9,IGNORADO,IGNORADO
1,101,1,2015,12,9,1,101,999,999,9,9,320,320,9,9,NEOG,NEOG
1,101,1,2015,22,8,6,601,48,999,4,9,320,320,4,9,34,41
1,101,1,2015,27,10,1,101,999,999,9,9,320,320,9,9,81,NEOG
1,101,1,2015,22,9,5,506,40,33,9,9,320,320,1,1,61,NEOG
1,101,1,2015,1,10,1,101,999,999,9,9,320,320,9,9,75,NEOG
1,101,1,2015,19,12,1,101,37,33,4,9,320,320,3,1,33,NEOG
1,101,1,2015,29,12,1,101,71,36,9,4,320,320,1,4,52,NEOG
1,101,1,2015,19,9,15,1505,999,46,9,4,320,320,9,2,IGNORADO,NEOG
1,101,1,2015,26,9,1,108,49,36,4,4,320,320,4,4,12,51
1,101,1,2015,12,12,1,101,999,999,9,9,320,320,9,9,IGNORADO,IGNORADO
1,101,1,2015,22,8,1,101,999,999,9,9,320,320,9,9,NEOG,NEOG
1,101,1,2015,5,9,1,115,28,27,4,4,320,320,5,5,24,NEOG
1,101,1,2015,15,7,1,110,42,34,1,4,320,320,5,5,22,26
1,101,1,2015,23,10,11,1105,29,36,9,4,320,320,1,5,22,22
1,101,1,2015,3,10,1,101,999,999,9,9,320,320,9,9,52,NEOG
1,101,1,2015,5,11,1,108,999,999,9,9,320,320,9,9,IGNORADO,IGNORADO
1,101,2,2015,15,10,1,102,20,20,4,4,320,320,4,4,NEOG,NEOG
1,101,2,2015,16,10,11,1108,999,999,9,9,320,320,9,9,IGNORADO,IGNORADO
1,101,2,2015,6,10,1,101,999,999,9,9,320,320,9,9,33,NEOG
1,101,2,2015,12,5,1,101,999,999,9,9,320,320,9,9,NEOG,NEOG
1,101,2,2015,30,10,1,101,53,33,9,4,320,320,1,3,83,NEOG
1,101,2,2015,18,8,1,101,33,33,4,9,320,320,5,1,12,26
1,101,2,2015,5,9,1,101,999,999,9,9,320,320,9,9,NEOG,NEOG
1,101,2,2015,1,10,1,101,999,999,9,9,320,320,9,9,NEOG,41
1,101,2,2015,2,12,1,106,999,999,9,9,320,320,9,9,IGNORADO,IGNORADO
1,101,2,2015,30,12,1,101,999,999,9,9,320,320,9,9,NEOG,51
1,101,2,2015,17,10,3,312,999,999,9,9,320,156,9,9,IGNORADO,IGNORADO
1,101,2,2015,25,6,1,101,999,999,9,9,320,320,9,9,NEOG,23
1,101,2,2015,12,9,10,1002,999,33,9,4,320,320,9,3,NEOG,NEOG
1,101,2,2015,12,11,1,115,25,21,4,4,320,320,9,9,NEOG,NEOG
1,101,2,2015,12,11,1,101,999,999,9,9,320,320,9,9,51,81
1,101,2,2015,6,10,22,2215,999,999,9,9,320,320,9,9,61,IGNORADO
1,101,2,2015,11,7,1,110,24,23,4,4,320,320,4,4,33,35
1,101,2,2015,9,5,1,101,40,37,9,9,320,320,1,1,NEOG,NEOG
1,101,2,2015,17,12,1,101,41,27,1,9,320,214,5,1,NEOG,NEOG
1,101,2,2015,2,5,1,101,999,999,9,9,320,320,9,9,IGNORADO,IGNORADO
1,101,2,2015,12,12,1,101,28,25,9,9,320,320,1,1,74,NEOG
1,101,2,2015,18,9,1,101,999,999,9,9,320,320,9,9,IGNORADO,IGNORADO
1,101,2,2015,6,10,1,101,26,20,4,4,320,320,4,4,21,NEOG
1,101,2,2015,13,7,1,115,23,25,9,9,320,320,4,1,NEOG,NEOG
1,101,2,2015,27,10,1,101,27,26,4,4,320,320,4,4,43,43
1,101,2,2015,29,8,1,101,999,999,9,9,320,320,9,9,IGNORADO,IGNORADO
1,101,2,2015,5,12,6,603,999,999,9,9,320,320,9,9,IGNORADO,IGNORADO
1,101,2,2015,28,4,1,101,999,999,9,9,320,222,9,9,75,NEOG
1,101,2,2015,17,10,1,101,35,45,9,4,320,320,1,4,52,52
1,101,2,2015,16,10,1,101,35,25,4,4,320,320,5,5,23,NEOG
1,101,2,2015,27,11,1,101,999,999,9,9,320,320,9,9,IGNORADO,IGNORADO
1,101,2,2015,6,8,1,108,29,28,4,4,320,320,4,4,43,23
1,101,2,2015,18,12,1,108,999,999,9,9,320,320,1,1,NEOG,NEOG
1,101,2,2015,10,11,1,108,999,999,9,9,320,320,9,1,NEOG,NEOG
1,101,2,2015,12,12,1,101,999,999,9,9,320,320,9,9,NEOG,NEOG
1,101,2,2015,18,9,1,101,35,31,4,4,320,320,4,5,NEOG,41
1,101,2,2015,22,7,1,101,999,999,9,9,320,320,9,9,NEOG,IGNORADO
1,101,2,2015,22,12,1,101,34,21,4,4,320,320,3,4,52,NEOG
1,101,2,2015,14,11,1,101,999,999,9,9,320,320,9,9,NEOG,NEOG
1,101,2,2015,22,4,22,2217,999,999,4,4,320,320,1,1,IGNORADO,IGNORADO
1,101,2,2015,15,5,1,108,34,27,4,9,320,320,4,9,43,43
1,101,2,2015,2,12,1,101,999,999,9,9,320,320,1,9,NEOG,NEOG
1,101,2,2015,9,8,2,202,999,999,9,9,320,320,9,9,IGNORADO,IGNORADO
1,101,2,2015,29,10,1,101,45,57,9,9,320,320,1,1,NEOG,NEOG
1,101,2,2015,26,9,1,101,999,999,9,9,320,320,9,9,52,23
1,101,2,2015,27,11,1,116,999,999,9,9,320,320,9,9,IGNORADO,IGNORADO
1,101,2,2015,23,12,1,101,999,999,9,9,320,320,9,9,NEOG,NEOG
1,101,2,2015,15,10,1,101,999,999,9,9,320,320,9,9,23,NEOG
1,101,2,2015,30,12,1,101,999,999,9,9,320,320,9,9,NEOG,NEOG
1,101,3,2015,15,12,1,102,27,21,5,4,320,320,5,4,NEOG,NEOG
1,101,3,2015,18,11,10,1001,999,999,9,9,320,320,1,1,61,41
1,101,3,2015,4,3,1,101,999,999,9,9,320,320,9,9,NEOG,NEOG
1,101,3,2015,22,12,1,108,999,999,9,9,320,320,1,1,92,NEOG
1,101,3,2015,11,11,15,1508,999,999,9,9,320,320,9,9,IGNORADO,IGNORADO
1,101,3,2015,5,8,1,101,32,42,4,9,320,320,5,4,12,41
1,101,3,2015,17,11,6,602,39,32,4,4,320,320,1,1,NEOG,NEOG
1,101,3,2015,5,12,1,101,999,999,9,9,320,320,9,9,IGNORADO,IGNORADO
1,101,3,2015,27,11,1,101,999,999,9,9,320,320,9,9,NEOG,NEOG
1,101,3,2015,17,11,1,101,999,999,9,9,320,320,9,9,NEOG,NEOG
1,101,3,2015,28,7,1,101,999,999,9,9,320,320,9,9,NEOG,NEOG
1,101,3,2015,14,10,1,101,999,999,9,9,320,320,1,1,IGNORADO,IGNORADO
1,101,3,2015,6,10,3,309,999,999,9,9,320,320,9,9,IGNORADO,IGNORADO
1,101,3,2015,9,12,1,108,38,999,4,9,320,320,5,9,52,NEOG
1,101,3,2015,13,11,1,101,28,28,9,4,320,320,9,4,NEOG,43
1,101,3,2015,27,11,19,1901,38,41,9,4,320,320,9,4,IGNORADO,23
1,101,3,2015,27,2,1,101,999,999,9,9,320,320,9,1,IGNORADO,IGNORADO
1,101,3,2015,25,11,1,101,999,999,9,9,320,320,9,9,NEOG,NEOG
1,101,3,2015,30,12,1,101,999,999,9,9,320,320,9,9,21,NEOG
1,101,3,2015,3,9,1,115,999,999,9,9,320,320,9,9,NEOG,NEOG
1,101,3,2015,15,10,1,101,999,999,9,9,320,320,9,9,NEOG,NEOG
1,101,3,2015,27,11,1,108,999,999,9,9,320,320,9,9,NEOG,NEOG
1,101,3,2015,25,11,1,101,999,999,9,9,320,320,9,9,NEOG,26
1,101,3,2015,17,11,1,101,25,26,4,4,320,320,4,4,13,NEOG
1,101,3,2015,28,10,1,101,999,999,9,9,320,320,9,9,IGNORADO,IGNORADO
1,101,3,2015,12,12,1,101,999,999,9,9,320,320,1,1,35,35
1,101,3,2015,14,2,1,108,44,37,9,9,320,320,9,9,NEOG,NEOG
1,101,3,2015,23,5,1,101,999,999,9,9,320,320,9,9,NEOG,NEOG
1,101,3,2015,1,4,1,101,999,999,9,9,320,320,9,9,NEOG,NEOG
1,101,3,2015,10,4,1,116,999,999,9,9,320,320,9,9,IGNORADO,IGNORADO
1,101,3,2015,24,10,19,1903,32,28,4,4,320,320,9,9,NEOG,NEOG
1,101,3,2015,29,1,1,108,999,999,9,9,320,320,9,9,NEOG,NEOG
1,101,3,2015,30,4,1,103,999,999,4,9,320,320,1,1,26,26
1,101,3,2015,30,10,1,108,44,34,9,9,320,320,5,5,52,NEOG
1,101,3,2015,29,4,1,101,999,999,9,9,320,320,9,9,NEOG,81
1,101,3,2015,20,11,1,101,999,999,9,9,320,320,9,9,25,NEOG
1,101,3,2015,30,10,1,101,999,999,9,9,320,320,9,9,IGNORADO,IGNORADO
1,101,3,2015,1,10,1,101,999,999,9,9,320,320,9,9,NEOG,NEOG
1,101,4,2015,2,12,1,101,26,27,9,9,320,320,4,2,35,NEOG
1,101,4,2015,2,10,1,101,44,31,4,4,320,320,5,5,23,26
1,101,4,2015,19,12,1,101,999,999,9,9,320,320,9,9,22,NEOG
1,101,4,2015,3,12,1,101,999,999,9,9,320,320,1,1,NEOG,NEOG
1,101,4,2015,9,12,1,101,999,999,9,9,320,320,9,9,IGNORADO,21
1,101,4,2015,16,7,1,115,999,999,9,9,320,320,9,9,72,NEOG
1,101,4,2015,12,2,1,101,39,27,4,4,320,320,4,3,31,NEOG
1,101,4,2015,13,11,5,508,44,999,9,9,320,320,1,9,83,IGNORADO
1,101,4,2015,23,9,1,101,50,999,9,9,320,320,9,9,IGNORADO,IGNORADO
1,101,4,2015,9,10,1,101,999,999,9,9,320,320,9,9,IGNORADO,IGNORADO
1,101,4,2015,24,10,1,101,999,999,9,9,320,320,9,9,NEOG,NEOG
1,101,4,2015,26,9,1,101,40,43,4,4,320,320,4,4,NEOG,NEOG
1,101,4,2015,3,12,1,101,999,999,9,9,320,320,9,9,IGNORADO,IGNORADO
1,101,4,2015,28,12,1,108,999,37,9,4,320,320,9,4,NEOG,NEOG
1,101,4,2015,27,11,1,101,999,999,9,9,320,320,9,9,NEOG,NEOG
1,101,4,2015,13,10,1,108,25,25,4,4,320,320,4,3,35,NEOG
1,101,5,2015,5,2,10,1010,999,999,9,9,320,320,9,9,41,NEOG
1,101,5,2015,19,2,1,106,999,999,9,9,320,320,9,9,IGNORADO,IGNORADO
1,101,5,2015,24,7,1,101,33,21,9,4,320,320,3,3,93,NEOG
1,101,5,2015,6,11,1,101,999,999,9,9,320,320,9,9,NEOG,NEOG
1,101,5,2015,18,12,1,101,999,999,9,9,320,320,9,9,NEOG,NEOG
1,101,5,2015,10,11,1,101,999,999,9,9,320,320,9,9,NEOG,NEOG
1,101,5,2015,13,6,1,101,999,37,9,4,320,320,9,4,81,41
1,101,5,2015,18,7,1,101,999,999,9,9,320,320,9,9,43,NEOG
1,101,5,2015,27,11,1,101,999,999,9,9,320,320,9,9,NEOG,26
1,101,5,2015,13,11,1,101,46,43,4,4,320,320,1,1,NEOG,NEOG
1,101,5,2015,17,11,1,101,31,26,9,9,320,320,9,9,NEOG,NEOG
1,101,5,2015,29,8,1,108,34,37,9,9,320,320,1,1,NEOG,NEOG
1,101,5,2015,28,4,1,101,999,999,9,9,320,320,9,9,34,41
1,101,5,2015,4,8,16,1601,27,27,9,9,320,320,1,1,NEOG,NEOG
1,101,5,2015,3,9,1,101,999,999,9,9,320,320,9,1,NEOG,NEOG
1,101,6,2015,10,10,12,1201,999,999,4,4,320,320,4,9,72,NEOG
1,101,6,2015,1,9,1,101,29,24,4,4,320,320,5,4,25,23
1,101,6,2015,23,10,1,102,26,21,4,4,320,320,9,9,NEOG,NEOG
1,101,6,2015,3,9,1,101,31,30,4,9,320,320,4,1,NEOG,NEOG
1,101,6,2015,28,4,1,101,26,999,4,9,320,320,4,9,31,NEOG
1,101,6,2015,10,10,1,108,999,999,9,9,320,320,9,9,NEOG,NEOG
1,101,6,2015,10,7,1,116,31,22,4,4,320,320,9,4,NEOG,NEOG
1,101,6,2015,25,11,1,108,999,999,9,9,320,320,1,1,NEOG,NEOG
1,101,6,2015,12,11,1,101,999,999,9,9,320,320,9,9,NEOG,NEOG
1,106,2,2015,10,12,1,107,999,40,9,1,320,320,9,2,NEOG,52
1,106,3,2015,7,10,1,106,999,999,9,9,320,320,9,9,IGNORADO,IGNORADO
1,106,4,2015,29,9,1,106,999,999,9,9,320,320,9,9,NEOG,IGNORADO
1,113,3,2015,16,12,1,113,999,999,9,9,320,320,9,9,61,NEOG
1,113,5,2015,14,8,1,113,999,999,9,9,320,320,9,9,61,NEOG
1,113,5,2015,17,3,1,113,999,999,9,9,320,320,9,9,NEOG,NEOG
4,413,2,2015,1,12,4,401,29,22,1,4,320,320,4,4,NEOG,NEOG
4,413,3,2015,28,11,4,413,43,37,1,1,320,320,1,1,61,NEOG
4,413,4,2015,30,12,6,604,999,999,9,9,320,320,9,1,IGNORADO,NEOG
4,413,6,2015,18,7,4,413,999,999,9,9,320,320,9,9,IGNORADO,IGNORADO
5,508,4,2015,18,12,5,508,41,999,4,4,320,320,2,2,61,IGNORADO
16,1616,5,2015,15,10,16,1616,25,22,1,1,320,320,3,1,NEOG,NEOG
1,111,3,2015,10,11,1,101,999,999,9,9,320,320,9,9,72,NEOG
1,111,3,2015,20,11,1,110,29,26,4,4,320,320,3,4,NEOG,41
1,111,5,2015,7,11,1,101,27,25,4,9,320,320,4,1,NEOG,NEOG
16,1613,3,2015,18,12,16,1613,999,34,1,4,320,320,1,1,61,NEOG
12,1202,1,2015,16,10,12,1202,999,999,1,1,320,320,1,1,81,NEOG
12,1202,2,2015,12,12,12,1201,999,29,4,9,320,320,9,9,IGNORADO,IGNORADO
12,1202,2,2015,16,12,12,1202,999,999,9,9,320,320,1,1,NEOG,NEOG
12,1202,4,2015,3,11,12,1202,999,33,9,4,320,320,9,4,NEOG,41
12,1202,5,2015,29,12,12,1202,31,31,9,9,320,320,9,9,NEOG,41
11,1106,1,2015,3,12,10,1002,999,999,9,9,320,320,2,2,61,NEOG
11,1106,2,2015,27,11,10,1002,49,44,4,4,320,320,3,2,IGNORADO,NEOG
11,1106,2,2015,9,12,11,1106,999,31,4,4,320,320,9,3,61,NEOG
1,104,2,2015,14,10,1,104,999,999,9,9,320,320,9,9,52,NEOG
1,104,2,2015,30,12,1,104,999,999,9,9,320,320,9,9,61,NEOG
1,104,3,2015,12,8,1,104,25,24,4,4,320,320,5,4,NEOG,41
1,104,3,2015,26,11,1,101,38,999,9,9,320,320,9,9,IGNORADO,NEOG
3,308,1,2015,24,9,3,308,999,999,9,9,320,320,9,9,NEOG,NEOG
3,308,1,2015,12,9,1,101,999,999,9,9,320,320,9,9,IGNORADO,IGNORADO
3,308,1,2015,16,10,3,308,26,26,9,9,320,320,9,5,NEOG,NEOG
3,308,1,2015,16,12,3,307,40,41,9,9,320,320,4,9,NEOG,IGNORADO
3,308,2,2015,14,3,1,108,999,999,9,9,320,320,9,9,NEOG,NEOG
3,308,3,2015,18,8,3,308,999,999,9,9,320,320,1,9,IGNORADO,IGNORADO
3,308,3,2015,13,8,3,308,999,999,9,9,320,320,9,9,IGNORADO,IGNORADO
19,1901,1,2015,28,10,19,1903,25,28,4,4,320,320,4,9,31,NEOG
19,1901,1,2015,12,8,19,1901,999,999,9,9,320,320,9,1,NEOG,NEOG
19,1901,1,2015,19,8,20,2001,999,999,9,9,320,320,9,9,92,IGNORADO
19,1901,1,2015,29,12,19,1901,56,999,4,4,320,320,3,1,NEOG,NEOG
19,1901,2,2015,5,9,19,1901,999,999,9,9,320,320,1,1,IGNORADO,IGNORADO
19,1901,2,2015,26,11,19,1901,27,28,4,4,320,320,9,9,72,43
19,1901,2,2015,1,10,19,1901,999,999,9,9,320,320,9,9,IGNORADO,IGNORADO
19,1901,2,2015,19,12,19,1901,999,999,9,9,320,320,9,9,IGNORADO,IGNORADO
19,1901,2,2015,12,8,19,1901,999,999,9,9,320,320,9,9,NEOG,NEOG
19,1901,3,2015,19,12,1,115,999,999,9,9,320,320,9,9,NEOG,NEOG
19,1901,3,2015,29,12,19,1901,999,999,9,9,320,320,9,9,IGNORADO,IGNORADO
19,1901,3,2015,29,12,19,1901,37,26,4,4,320,320,9,9,NEOG,NEOG
19,1901,3,2015,18,11,19,1901,25,21,4,4,320,320,5,4,23,34
19,1901,3,2015,23,7,19,1901,30,24,4,4,320,320,4,9,31,NEOG
19,1901,4,2015,5,12,19,1901,999,999,9,9,320,320,9,9,NEOG,23
19,1901,4,2015,13,11,19,1901,69,52,4,4,320,320,2,9,NEOG,IGNORADO
19,1901,6,2015,30,12,19,1901,35,999,4,9,320,320,9,9,NEOG,43
21,2101,1,2015,12,11,21,2101,999,999,9,9,320,320,9,9,92,NEOG
21,2101,1,2015,25,11,1,101,999,999,9,9,320,320,9,9,83,NEOG
21,2101,1,2015,28,11,21,2101,999,999,9,9,320,320,9,9,NEOG,NEOG
21,2101,1,2015,2,12,21,2101,999,999,9,9,320,320,9,9,92,NEOG
21,2101,1,2015,17,12,21,2106,23,25,4,4,320,320,2,2,NEOG,NEOG
21,2101,1,2015,17,12,21,2102,26,24,4,4,320,320,4,4,NEOG,NEOG
21,2101,1,2015,8,10,21,2101,39,999,1,9,320,320,1,9,61,NEOG
21,2101,1,2015,13,11,21,2101,25,23,4,4,320,320,4,4,NEOG,NEOG
21,2101,1,2015,28,11,21,2101,45,26,9,9,320,320,9,9,IGNORADO,IGNORADO
21,2101,1,2015,2,12,21,2106,999,999,9,9,320,320,9,1,NEOG,NEOG
21,2101,1,2015,15,12,21,2101,999,999,9,9,320,320,9,9,NEOG,41
21,2101,2,2015,10,9,21,2101,28,20,9,9,320,320,9,9,75,NEOG
21,2101,2,2015,29,12,21,2101,39,999,1,9,320,320,1,9,61,NEOG
21,2101,2,2015,18,12,21,2101,999,35,9,4,320,320,9,5,NEOG,23
21,2101,2,2015,15,12,22,2201,31,26,4,9,320,320,4,1,NEOG,NEOG
21,2101,2,2015,22,12,21,2101,999,999,9,9,320,320,9,9,NEOG,NEOG
21,2101,2,2015,16,10,21,2107,999,999,9,9,320,320,9,9,IGNORADO,IGNORADO
21,2101,2,2015,28,4,21,2106,999,999,9,9,320,320,1,1,23,23
21,2101,5,2015,18,12,1,101,45,51,4,9,320,320,4,1,43,NEOG
21,2103,1,2015,6,10,21,2103,999,999,9,9,320,320,9,9,92,NEOG
22,2203,1,2015,10,10,22,2203,26,26,4,4,320,320,4,4,23,41
22,2203,2,2015,10,12,21,2101,999,999,9,9,320,320,9,9,NEOG,NEOG
22,2203,3,2015,22,4,22,2203,48,999,4,9,320,320,1,9,75,IGNORADO
1,105,2,2015,26,8,1,105,999,999,9,4,320,320,1,1,IGNORADO,IGNORADO
1,105,6,2015,25,11,1,105,999,999,9,9,320,320,9,9,IGNORADO,IGNORADO
1,117,1,2015,10,11,1,117,32,29,4,4,320,320,4,4,NEOG,41
1,117,1,2015,26,9,1,115,49,48,9,9,320,320,1,1,NEOG,NEOG
1,117,2,2015,23,10,1,108,33,30,4,4,320,320,4,4,NEOG,NEOG
1,117,2,2015,22,10,1,101,31,26,4,4,320,320,4,4,NEOG,NEOG
1,117,3,2015,2,12,1,101,43,37,4,9,320,320,4,1,52,NEOG
1,117,3,2015,11,6,1,117,31,29,4,4,320,320,9,9,NEOG,NEOG
1,117,4,2015,2,12,5,501,43,999,4,9,320,320,3,9,NEOG,NEOG
1,117,5,2015,5,8,12,1204,24,19,4,4,320,320,2,3,52,NEOG
1,117,5,2015,25,11,1,117,26,22,4,4,320,320,4,3,43,NEOG
1,117,6,2015,23,6,1,101,24,23,4,4,320,320,5,4,43,81
1,117,6,2015,4,7,1,101,999,999,9,9,320,320,9,9,54,NEOG
3,301,1,2015,27,10,3,301,999,999,9,9,320,320,9,9,IGNORADO,IGNORADO
3,301,1,2015,14,11,3,301,999,999,9,9,320,320,9,9,IGNORADO,IGNORADO
3,301,2,2015,13,10,5,501,999,999,9,9,320,320,9,9,IGNORADO,IGNORADO
3,301,3,2015,9,12,3,301,999,999,9,9,320,320,9,9,71,IGNORADO
3,301,3,2015,21,8,3,301,999,999,9,9,320,320,9,9,IGNORADO,IGNORADO
3,301,3,2015,6,11,3,313,999,999,4,4,320,320,9,1,IGNORADO,IGNORADO
3,301,5,2015,22,9,3,302,28,27,4,4,320,320,5,5,NEOG,NEOG
3,301,5,2015,20,8,3,301,999,999,4,4,320,320,1,1,IGNORADO,IGNORADO
12,1211,1,2015,2,9,12,1211,24,23,4,4,320,320,4,4,NEOG,NEOG
12,1211,1,2015,11,11,12,1211,999,999,9,9,320,320,9,9,NEOG,NEOG
12,1211,2,2015,10,10,12,1211,37,27,4,4,320,320,2,3,61,NEOG
12,1211,4,2015,30,4,12,1211,55,56,4,4,320,320,2,2,83,NEOG
12,1211,4,2015,22,10,12,1211,46,45,4,4,320,320,4,2,52,NEOG
12,1211,4,2015,22,12,12,1211,999,999,9,9,320,320,9,9,61,NEOG
1,103,1,2015,13,8,1,108,999,999,9,9,320,320,9,9,83,NEOG
1,103,2,2015,15,12,1,103,999,999,9,9,320,320,9,9,IGNORADO,IGNORADO
1,103,2,2015,23,12,1,103,999,999,9,9,320,320,9,9,IGNORADO,IGNORADO
1,103,6,2015,21,8,1,103,23,24,4,4,320,320,4,4,35,41
3,303,1,2015,8,9,3,303,36,35,4,4,320,320,4,4,23,23
12,1219,2,2015,16,9,12,1219,999,34,9,4,320,320,9,2,IGNORADO,IGNORADO
12,1219,3,2015,20,11,12,1219,54,49,4,4,320,320,1,2,IGNORADO,NEOG
13,1312,1,2015,23,9,13,1312,52,47,4,4,320,320,4,4,61,41
13,1312,3,2015,25,4,13,1312,27,22,1,4,320,320,4,2,52,NEOG
10,1020,1,2015,3,6,10,1020,999,999,9,9,320,320,9,9,92,NEOG
10,1020,4,2015,10,7,10,1020,999,999,9,9,320,320,9,9,92,NEOG
3,302,2,2015,11,11,3,302,999,999,4,4,320,320,9,9,IGNORADO,IGNORADO
3,302,2,2015,26,11,3,302,999,999,4,9,320,320,1,1,93,NEOG
3,302,2,2015,10,10,3,302,60,59,4,4,320,320,2,1,71,NEOG
3,302,3,2015,29,12,3,302,999,33,4,4,320,320,9,4,NEOG,43
3,302,5,2015,3,12,3,301,55,33,4,4,320,320,4,3,23,51
3,302,6,2015,10,10,3,302,27,999,4,9,320,320,2,9,26,IGNORADO
13,1315,2,2015,9,9,13,1315,61,48,9,1,320,320,9,1,IGNORADO,NEOG
1,108,1,2015,15,10,1,108,999,999,9,9,320,320,9,9,NEOG,NEOG
1,108,2,2015,29,8,1,108,999,999,9,9,320,320,9,9,21,41
1,108,2,2015,17,10,1,108,999,999,9,9,320,320,9,9,NEOG,NEOG
1,108,2,2015,29,12,1,101,999,999,9,9,320,320,9,9,NEOG,34
1,108,2,2015,30,10,1,108,999,999,9,9,320,320,9,9,NEOG,NEOG
1,108,3,2015,7,5,1,108,999,999,9,9,320,320,9,9,NEOG,NEOG
1,108,3,2015,10,10,1,108,999,999,9,9,320,320,9,9,NEOG,NEOG
1,108,3,2015,1,4,1,108,999,999,9,9,320,320,1,1,NEOG,NEOG
1,108,3,2015,2,12,1,108,999,999,9,9,320,320,9,9,61,NEOG
1,108,3,2015,17,11,1,101,37,42,4,4,320,320,4,4,52,44
1,108,4,2015,26,11,1,108,999,999,9,9,320,320,1,1,NEOG,NEOG
1,108,4,2015,28,8,1,108,47,41,4,4,320,320,2,4,72,42
1,108,4,2015,28,1,1,108,999,999,9,9,320,320,9,9,22,22
1,109,3,2015,17,10,1,101,24,20,1,4,320,320,3,3,52,NEOG
1,109,5,2015,9,10,4,401,49,22,4,1,320,320,9,9,51,35
1,114,1,2015,3,10,1,101,999,999,9,9,320,320,9,9,NEOG,NEOG
1,114,1,2015,3,12,1,101,26,21,4,4,320,320,4,4,NEOG,NEOG
1,114,1,2015,28,10,1,114,999,999,9,9,320,320,9,9,IGNORADO,IGNORADO
1,114,1,2015,15,10,1,114,999,48,9,4,320,320,9,3,IGNORADO,NEOG
1,114,1,2015,5,12,1,101,999,999,9,9,320,320,9,9,41,NEOG
1,114,2,2015,14,4,1,114,33,32,4,4,320,320,4,4,23,23
1,114,3,2015,14,7,1,114,999,999,9,9,320,720,1,9,61,NEOG
1,114,4,2015,30,12,19,1908,46,46,4,4,320,320,4,2,24,NEOG
1,114,5,2015,4,2,1,101,999,999,9,9,320,320,9,9,NEOG,NEOG
1,114,6,2015,8,4,1,114,999,999,9,9,320,320,9,9,IGNORADO,IGNORADO
1,114,6,2015,24,10,1,115,46,41,9,4,320,320,2,2,91,NEOG
1,115,1,2015,11,9,1,101,34,34,9,9,320,320,1,1,43,41
1,115,1,2015,11,9,1,101,999,999,9,9,320,320,9,9,NEOG,NEOG
1,115,1,2015,2,12,1,115,999,999,9,9,320,320,9,9,NEOG,NEOG
1,115,1,2015,11,9,1,101,37,999,4,9,320,320,4,9,52,IGNORADO
1,115,1,2015,18,9,1,101,999,999,9,9,320,320,9,9,IGNORADO,IGNORADO
1,115,1,2015,7,10,1,101,22,21,9,9,320,320,3,9,NEOG,42
1,115,1,2015,10,11,1,115,999,999,9,9,320,320,9,9,NEOG,NEOG
1,115,2,2015,16,12,3,301,999,999,9,9,320,340,9,9,35,IGNORADO
1,115,2,2015,14,11,5,501,40,31,4,9,320,320,4,1,21,33
1,115,2,2015,21,11,1,101,999,999,9,9,320,320,9,9,NEOG,NEOG
1,115,2,2015,22,12,1,101,999,999,9,9,320,320,9,9,IGNORADO,IGNORADO
1,115,2,2015,9,12,1,101,999,999,9,9,320,320,9,9,IGNORADO,IGNORADO
1,115,2,2015,17,12,4,401,34,26,4,4,320,320,4,9,52,35
1,115,2,2015,19,6,1,115,999,31,9,4,320,320,9,4,52,23
1,115,2,2015,24,3,1,108,999,999,9,9,320,320,9,1,75,NEOG
1,115,2,2015,26,9,1,115,29,27,4,4,320,320,4,4,72,81
1,115,2,2015,25,11,1,115,999,999,9,9,320,320,9,9,NEOG,NEOG
1,115,2,2015,5,6,1,115,999,999,9,9,320,320,1,1,NEOG,NEOG
1,115,3,2015,20,11,1,116,999,999,9,9,320,320,9,9,IGNORADO,IGNORADO
1,115,3,2015,29,12,10,1020,999,999,9,9,320,320,9,9,61,NEOG
1,115,3,2015,2,12,1,101,999,999,9,9,320,320,9,9,NEOG,NEOG
1,115,3,2015,13,11,12,1202,999,999,9,9,320,320,9,9,26,75
1,115,4,2015,10,11,1,115,31,28,9,9,320,320,1,1,31,NEOG
1,115,4,2015,19,5,1,115,999,999,9,9,320,320,9,9,NEOG,NEOG
1,115,4,2015,1,12,1,115,999,999,9,9,320,320,9,1,NEOG,NEOG
1,115,5,2015,29,9,1,117,999,999,9,9,320,320,9,9,IGNORADO,IGNORADO
1,115,6,2015,6,10,1,115,44,47,4,4,320,320,4,4,52,41
1,115,6,2015,9,6,1,115,999,999,9,9,320,320,9,9,NEOG,IGNORADO
3,305,1,2015,30,10,1,108,30,24,4,4,320,320,4,4,NEOG,NEOG
3,305,1,2015,9,12,3,305,999,999,9,9,320,320,9,9,NEOG,NEOG
3,312,2,2015,15,5,3,312,999,999,9,9,320,320,9,9,IGNORADO,IGNORADO
3,314,2,2015,18,12,5,501,999,999,9,9,320,320,9,9,IGNORADO,IGNORADO
3,314,2,2015,16,12,5,501,56,53,4,1,320,320,2,1,83,NEOG
3,314,6,2015,1,12,3,314,999,999,9,9,320,320,9,9,IGNORADO,IGNORADO
4,401,1,2015,26,8,4,401,29,22,1,4,320,320,4,4,NEOG,NEOG
4,401,1,2015,22,12,4,401,999,42,9,9,320,320,9,9,IGNORADO,IGNORADO
4,401,2,2015,14,4,4,401,999,23,9,4,320,320,1,3,IGNORADO,NEOG
4,401,3,2015,1,12,4,401,999,999,9,9,320,320,9,9,IGNORADO,IGNORADO
4,401,3,2015,7,10,4,401,999,999,9,9,320,320,9,9,IGNORADO,IGNORADO
4,401,3,2015,11,8,4,401,999,999,9,9,320,320,9,9,IGNORADO,IGNORADO
4,401,4,2015,27,10,4,406,28,25,1,1,320,320,1,2,81,NEOG
4,401,4,2015,18,11,1,101,999,999,9,9,320,320,9,9,33,41
4,401,4,2015,20,11,4,401,999,999,9,9,320,320,9,9,IGNORADO,IGNORADO
4,401,4,2015,19,11,4,401,999,35,9,4,320,320,9,2,IGNORADO,NEOG
4,401,6,2015,27,10,9,901,47,56,5,9,320,320,9,1,32,96
4,401,6,2015,7,11,4,401,999,999,9,9,320,320,9,9,IGNORADO,IGNORADO
4,403,1,2015,13,5,1,108,999,999,9,9,320,320,3,3,NEOG,NEOG
4,403,4,2015,3,12,4,403,999,999,9,9,320,320,9,9,IGNORADO,IGNORADO
4,407,1,2015,3,9,4,407,999,39,1,1,320,320,1,3,71,32
4,407,1,2015,11,11,4,407,999,999,9,9,320,320,9,9,43,NEOG
4,407,1,2015,22,9,3,306,999,40,9,1,320,320,9,1,61,NEOG
4,407,2,2015,3,9,4,407,999,39,1,1,320,320,1,3,71,32
7,701,1,2015,14,8,7,705,999,999,1,1,320,320,1,1,IGNORADO,IGNORADO
7,701,1,2015,3,12,7,701,999,999,1,1,320,320,9,9,75,NEOG
7,701,1,2015,30,12,7,713,999,999,9,9,320,320,1,1,IGNORADO,IGNORADO
7,701,2,2015,30,12,7,701,23,23,1,1,320,320,4,4,52,NEOG
7,701,2,2015,9,12,7,701,999,42,1,1,320,320,1,1,61,NEOG
7,701,2,2015,3,12,7,701,29,27,1,1,320,320,2,1,NEOG,NEOG
7,701,3,2015,13,2,7,701,34,16,1,9,320,320,1,1,61,IGNORADO
7,701,3,2015,19,9,4,401,33,18,1,1,320,320,1,4,52,NEOG
7,706,3,2015,12,2,7,706,999,999,9,9,320,320,9,9,61,NEOG
7,710,1,2015,3,12,7,701,34,999,9,9,320,320,1,9,NEOG,NEOG
8,801,1,2015,4,3,8,801,999,999,9,9,320,320,1,1,81,NEOG
8,801,1,2015,1,12,8,802,999,999,9,9,320,320,9,9,IGNORADO,IGNORADO
8,801,1,2015,16,5,8,801,999,999,9,9,320,320,1,1,34,NEOG
8,801,3,2015,3,6,8,801,999,999,9,9,320,320,9,1,75,NEOG
8,801,3,2015,15,10,8,801,29,22,1,4,320,320,4,3,43,NEOG
8,801,3,2015,5,12,8,801,999,999,9,9,320,320,9,9,52,NEOG
8,801,3,2015,4,8,8,801,999,999,9,9,320,320,9,9,92,NEOG
8,801,3,2015,9,9,8,801,30,27,9,9,320,320,9,9,NEOG,NEOG
8,801,3,2015,29,12,8,801,999,999,9,9,320,320,9,9,NEOG,NEOG
8,801,5,2015,16,12,8,801,999,999,9,9,320,320,9,9,43,NEOG
8,801,5,2015,26,11,8,801,54,40,1,1,320,320,9,2,71,75
8,801,5,2015,5,12,8,801,999,999,9,9,320,320,9,9,52,NEOG
8,802,1,2015,10,12,8,802,26,27,1,4,320,320,4,4,23,23
8,803,5,2015,7,7,8,803,999,999,1,1,320,320,9,9,IGNORADO,IGNORADO
8,804,1,2015,16,12,8,804,33,23,1,1,320,320,2,3,61,NEOG
8,804,1,2015,18,9,8,804,999,999,9,9,320,320,9,9,IGNORADO,IGNORADO
8,805,1,2015,18,9,8,805,999,999,9,9,320,320,9,1,IGNORADO,IGNORADO
8,805,1,2015,9,9,5,501,999,999,4,9,320,320,1,9,IGNORADO,IGNORADO
8,805,1,2015,9,12,8,805,999,999,1,1,320,320,1,1,52,NEOG
8,805,2,2015,15,12,8,805,999,999,9,9,320,320,9,9,IGNORADO,IGNORADO
8,805,2,2015,23,9,8,805,999,999,1,1,320,320,1,1,81,NEOG
8,805,3,2015,22,12,8,805,999,999,9,9,320,320,1,1,IGNORADO,IGNORADO
8,805,5,2015,5,11,8,805,999,999,9,9,320,320,1,1,IGNORADO,IGNORADO
8,806,1,2015,6,11,8,806,999,999,1,1,320,320,1,1,IGNORADO,IGNORADO
8,806,3,2015,24,6,8,806,999,999,9,9,320,320,9,9,IGNORADO,IGNORADO
9,901,1,2015,23,9,9,901,46,45,1,4,320,320,5,4,52,IGNORADO
9,901,1,2015,28,7,9,901,25,27,1,9,320,320,3,4,61,23
9,901,1,2015,27,10,9,901,999,999,9,9,320,320,9,9,NEOG,NEOG
9,901,1,2015,1,9,9,901,999,999,9,9,320,320,9,9,NEOG,NEOG
9,901,1,2015,4,9,9,901,999,999,9,9,320,320,9,9,92,NEOG
9,901,1,2015,2,7,12,1202,999,999,1,1,320,320,4,4,43,NEOG
9,901,1,2015,16,12,1,108,999,999,9,9,320,320,9,9,NEOG,NEOG
9,901,1,2015,21,8,9,901,999,999,9,9,320,320,9,9,NEOG,NEOG
9,901,1,2015,20,6,9,901,59,58,1,1,320,320,9,9,33,NEOG
9,901,2,2015,11,11,20,2007,999,999,9,9,320,320,9,9,IGNORADO,IGNORADO
9,901,2,2015,23,4,9,901,27,22,4,9,320,320,2,2,83,NEOG
9,901,2,2015,21,11,9,901,37,42,9,1,320,320,1,2,NEOG,NEOG
9,901,2,2015,3,12,9,901,999,32,9,4,320,320,9,5,NEOG,NEOG
9,901,2,2015,29,9,9,901,30,28,1,9,320,320,2,1,83,NEOG
9,901,2,2015,7,10,9,901,46,999,1,9,320,320,4,9,NEOG,NEOG
9,901,2,2015,10,12,9,901,999,999,9,9,320,320,9,9,NEOG,NEOG
9,901,2,2015,5,11,9,901,35,35,4,4,320,320,9,4,43,23
9,901,3,2015,22,7,9,901,999,32,9,4,320,320,9,2,61,NEOG
9,901,3,2015,11,9,9,901,40,999,4,9,320,320,4,9,NEOG,NEOG
9,901,3,2015,10,12,9,901,36,34,4,4,320,320,4,5,43,26
9,901,3,2015,30,12,9,901,35,30,1,1,320,320,4,4,NEOG,NEOG
9,901,3,2015,21,11,9,901,45,31,4,4,320,320,5,5,52,41
9,901,3,2015,4,8,9,901,32,999,1,9,320,320,4,9,83,23
9,901,3,2015,8,8,9,901,30,24,4,4,320,320,5,5,NEOG,NEOG
9,901,3,2015,19,9,9,901,35,31,4,1,320,320,5,4,NEOG,52
9,901,4,2015,1,12,9,901,45,45,4,4,320,320,5,5,23,22
9,901,4,2015,17,12,9,901,999,999,4,4,320,320,4,9,NEOG,NEOG
9,901,4,2015,10,12,9,901,41,42,4,4,320,320,5,4,12,41
9,901,4,2015,1,10,9,901,34,34,9,9,320,320,1,1,NEOG,NEOG
9,901,4,2015,15,7,9,901,36,35,1,4,320,320,5,5,73,NEOG
9,901,4,2015,20,5,9,901,36,33,4,4,320,320,5,4,24,24
9,901,5,2015,23,4,9,901,999,999,9,9,320,320,9,9,NEOG,NEOG
9,901,5,2015,26,6,9,901,999,999,9,9,320,320,9,9,61,NEOG
9,901,6,2015,21,11,9,901,50,57,4,4,320,320,5,4,NEOG,NEOG
9,901,6,2015,5,9,9,901,999,999,9,9,320,320,9,9,35,51
9,901,6,2015,21,10,9,901,999,999,9,9,320,320,9,9,43,NEOG
9,902,1,2015,28,4,9,902,33,35,9,9,320,320,9,9,NEOG,NEOG
9,904,2,2015,27,6,9,904,999,999,9,9,320,320,9,9,IGNORADO,IGNORADO
9,904,6,2015,7,8,9,904,999,999,9,9,320,320,1,1,IGNORADO,IGNORADO
9,908,1,2015,19,12,9,908,999,999,9,9,320,320,1,1,73,NEOG
9,908,5,2015,16,7,9,908,999,999,9,9,320,320,9,9,92,NEOG
9,909,2,2015,2,10,9,909,999,999,9,9,320,320,9,9,IGNORADO,IGNORADO
9,909,2,2015,17,12,9,909,999,999,9,9,320,320,9,9,IGNORADO,IGNORADO
9,909,3,2015,23,10,9,909,999,999,9,9,320,320,9,9,IGNORADO,IGNORADO
9,909,4,2015,10,10,9,909,999,999,9,9,320,320,9,9,IGNORADO,IGNORADO
9,909,6,2015,25,8,9,909,999,36,9,1,320,320,9,2,IGNORADO,NEOG
9,914,1,2015,15,8,9,914,24,38,1,1,320,320,2,2,92,NEOG
9,914,1,2015,27,8,9,914,999,21,1,1,320,320,2,3,75,NEOG
9,916,1,2015,8,10,9,916,39,36,1,1,320,320,1,2,61,NEOG
9,917,1,2015,24,2,9,917,999,34,9,4,320,320,9,2,IGNORADO,NEOG
9,917,3,2015,5,12,9,920,999,999,9,9,320,320,9,9,92,NEOG
9,917,5,2015,5,5,9,917,999,999,9,9,320,320,9,9,IGNORADO,IGNORADO
9,919,6,2015,13,8,1,111,29,32,4,9,320,320,4,9,72,IGNORADO
9,920,1,2015,6,1,9,920,27,26,4,9,320,320,4,1,NEOG,NEOG
9,920,1,2015,1,7,9,920,999,999,9,9,320,320,9,9,52,NEOG
9,920,1,2015,14,10,9,920,30,24,4,4,320,320,2,2,61,NEOG
9,920,1,2015,13,11,9,920,999,999,4,4,320,320,9,9,IGNORADO,IGNORADO
9,920,1,2015,12,11,9,920,37,39,9,9,320,320,1,1,NEOG,NEOG
9,920,3,2015,27,11,9,920,999,999,4,9,320,320,9,1,52,NEOG
9,920,3,2015,27,6,9,920,30,27,9,4,320,320,9,1,IGNORADO,NEOG
9,920,3,2015,28,10,9,920,23,19,4,9,320,320,2,1,92,NEOG
9,920,3,2015,23,9,9,905,999,999,9,9,320,320,9,9,IGNORADO,IGNORADO
9,920,4,2015,30,12,9,920,999,999,9,9,320,320,1,1,23,41
9,920,5,2015,10,10,9,920,29,27,4,4,320,320,2,4,93,22
9,920,6,2015,22,12,9,920,999,999,9,9,320,320,9,9,31,23
9,920,6,2015,28,4,9,920,999,999,9,9,320,320,9,9,52,NEOG
9,921,2,2015,12,9,9,920,999,999,9,9,320,320,9,9,NEOG,NEOG
9,921,2,2015,16,12,12,1216,999,999,9,9,320,320,9,9,IGNORADO,IGNORADO
9,921,2,2015,30,12,9,921,27,27,4,4,320,320,4,4,43,51
9,921,3,2015,30,10,9,921,38,23,4,4,320,320,2,2,83,NEOG
9,921,3,2015,28,10,9,921,34,31,4,4,320,320,2,4,NEOG,23
9,924,3,2015,20,10,9,924,999,999,9,9,320,320,9,9,IGNORADO,IGNORADO
10,1009,3,2015,4,12,10,1009,999,999,9,9,320,320,9,9,IGNORADO,IGNORADO
12,1201,1,2015,30,9,12,1202,29,28,9,4,320,320,9,5,NEOG,24
12,1201,1,2015,24,11,12,1201,999,999,4,4,320,320,9,3,NEOG,NEOG
12,1201,1,2015,7,11,11,1101,999,999,9,9,320,320,9,9,IGNORADO,IGNORADO
12,1201,1,2015,17,10,12,1201,999,999,9,9,320,320,1,1,75,NEOG
12,1201,2,2015,3,4,12,1211,999,999,9,9,320,320,9,9,NEOG,NEOG
12,1201,3,2015,15,12,12,1201,999,999,4,4,320,320,9,9,35,51
12,1201,4,2015,12,12,12,1201,30,31,4,4,320,320,1,1,35,41
12,1201,5,2015,6,10,12,1225,42,42,4,4,320,320,2,2,61,NEOG
12,1201,5,2015,21,10,1,101,999,999,9,9,320,320,9,9,23,NEOG
12,1206,6,2015,25,11,12,1206,999,999,9,9,320,320,9,9,IGNORADO,IGNORADO
12,1210,1,2015,4,7,12,1210,38,35,4,9,320,320,4,4,23,NEOG
12,1212,1,2015,24,7,12,1213,999,999,4,4,320,320,1,1,61,NEOG
12,1212,1,2015,12,12,12,1212,999,54,9,4,320,320,1,1,IGNORADO,NEOG
12,1212,2,2015,28,8,14,1420,999,999,9,9,320,320,9,9,IGNORADO,IGNORADO
12,1212,3,2015,25,8,9,920,38,32,4,9,320,320,9,9,83,23
12,1215,1,2015,6,11,12,1215,50,999,4,9,320,320,4,9,74,75
12,1215,1,2015,17,11,12,1215,999,999,4,4,320,320,1,1,IGNORADO,IGNORADO
12,1215,2,2015,27,11,12,1215,41,31,4,4,320,320,5,5,NEOG,NEOG
12,1215,2,2015,14,1,12,1215,21,20,4,4,320,320,4,4,NEOG,NEOG
12,1215,3,2015,30,10,12,1215,43,42,4,4,320,320,4,4,43,23
12,1215,3,2015,10,11,12,1215,22,19,4,4,320,320,4,4,NEOG,23
12,1215,3,2015,3,12,12,1215,999,999,4,4,320,320,9,4,61,NEOG
12,1215,3,2015,12,11,9,902,999,34,9,4,320,320,9,9,22,NEOG
12,1215,3,2015,4,11,12,1215,999,999,4,4,320,320,1,1,IGNORADO,IGNORADO
12,1215,4,2015,20,1,12,1215,999,999,4,4,320,320,1,2,IGNORADO,IGNORADO
12,1215,6,2015,26,9,12,1215,999,999,9,9,320,320,9,9,IGNORADO,IGNORADO
12,1218,1,2015,5,9,12,1218,999,999,9,9,320,320,9,9,NEOG,NEOG
12,1218,3,2015,16,12,12,1218,41,999,4,4,320,320,2,1,61,NEOG
12,1218,3,2015,30,10,12,1218,999,999,9,9,320,320,9,9,61,NEOG
12,1218,5,2015,7,11,12,1218,26,999,4,9,320,320,9,9,IGNORADO,IGNORADO
12,1220,1,2015,26,11,9,920,999,999,9,9,320,320,9,9,92,NEOG
12,1220,3,2015,18,6,12,1220,33,999,4,9,320,320,2,9,71,NEOG
12,1220,3,2015,20,5,12,1220,38,35,4,4,320,320,4,4,23,23
12,1220,4,2015,19,12,12,1220,43,38,4,9,320,320,2,9,71,NEOG
12,1222,2,2015,26,8,12,1222,31,20,4,4,320,320,3,5,NEOG,NEOG
12,1222,2,2015,11,12,12,1222,999,999,9,9,320,320,9,9,IGNORADO,IGNORADO
12,1223,6,2015,25,8,12,1223,35,31,1,1,320,320,2,2,75,NEOG
13,1301,1,2015,3,7,13,1301,999,999,9,9,320,320,9,1,IGNORADO,IGNORADO
13,1301,1,2015,28,11,13,1331,999,999,9,9,320,320,9,9,83,NEOG
13,1301,1,2015,29,9,13,1301,34,999,4,9,320,320,3,9,IGNORADO,IGNORADO
13,1301,1,2015,8,10,13,1324,999,999,9,9,320,320,9,9,IGNORADO,IGNORADO
13,1301,2,2015,15,12,13,1301,25,25,4,4,320,320,4,4,43,43
13,1301,2,2015,2,10,13,1301,34,42,4,4,320,320,3,1,61,NEOG
13,1301,2,2015,2,9,13,1301,999,999,9,9,320,320,1,1,IGNORADO,IGNORADO
13,1301,2,2015,25,11,13,1301,999,52,9,4,320,320,9,4,NEOG,NEOG
13,1301,2,2015,12,11,13,1301,28,25,4,4,320,320,5,4,NEOG,NEOG
13,1301,2,2015,8,12,13,1301,999,55,9,4,320,320,9,1,81,NEOG
13,1301,2,2015,13,10,13,1301,999,999,9,9,320,320,9,9,61,NEOG
13,1301,3,2015,22,10,13,1331,999,999,9,9,320,320,9,9,IGNORADO,IGNORADO
13,1301,3,2015,17,11,13,1301,39,38,4,9,320,320,2,1,52,NEOG
13,1301,3,2015,21,11,13,1301,34,37,4,9,320,320,4,1,43,43
13,1301,4,2015,27,11,9,901,35,35,4,4,320,320,4,4,83,33
13,1301,4,2015,14,11,13,1301,36,26,4,4,320,320,5,4,NEOG,43
13,1301,4,2015,19,11,13,1301,29,26,4,4,320,320,4,4,34,NEOG
13,1301,4,2015,9,12,13,1301,21,25,4,4,320,320,3,4,NEOG,NEOG
13,1301,5,2015,10,10,14,1413,999,999,9,9,320,320,9,9,IGNORADO,IGNORADO
13,1301,5,2015,3,9,13,1301,31,27,4,4,320,320,3,4,NEOG,23
13,1301,5,2015,3,12,13,1301,999,999,9,9,320,320,1,1,93,NEOG
13,1304,2,2015,13,11,13,1304,999,22,9,4,320,320,9,2,61,IGNORADO
13,1306,1,2015,1,8,13,1306,999,999,9,9,320,320,1,1,IGNORADO,IGNORADO
13,1308,3,2015,28,5,13,1308,999,999,9,9,320,320,9,9,IGNORADO,IGNORADO
13,1308,6,2015,13,6,13,1308,999,999,9,9,320,320,1,9,61,NEOG
13,1316,3,2015,22,12,13,1301,999,999,9,9,320,320,9,9,IGNORADO,IGNORADO
13,1316,3,2015,26,11,13,1316,37,34,1,1,320,320,1,1,61,NEOG
13,1319,3,2015,21,10,13,1319,33,24,1,1,320,320,5,2,26,NEOG
13,1326,3,2015,23,4,13,1326,999,999,9,9,320,320,9,9,IGNORADO,IGNORADO
13,1327,6,2015,16,12,13,1327,29,20,1,4,320,320,2,2,61,NEOG
14,1404,3,2015,28,8,14,1404,999,999,9,9,320,320,9,9,IGNORADO,IGNORADO
14,1404,3,2015,3,12,14,1404,999,999,9,9,320,320,1,9,IGNORADO,IGNORADO
14,1404,4,2015,29,10,14,1404,999,999,9,9,320,320,9,9,IGNORADO,IGNORADO
14,1415,2,2015,14,10,14,1415,28,21,1,1,320,320,3,2,NEOG,NEOG
14,1415,3,2015,30,1,14,1415,999,999,9,9,320,320,1,1,IGNORADO,IGNORADO
14,1415,6,2015,5,12,14,1419,36,27,4,4,320,320,4,4,23,NEOG
14,1420,1,2015,10,11,16,1606,999,999,9,9,320,320,9,9,92,NEOG
14,1420,1,2015,28,11,14,1420,999,999,9,9,320,9999,9,9,IGNORADO,IGNORADO
14,1420,1,2015,24,11,14,1420,23,24,1,1,320,320,4,4,31,23
14,1420,1,2015,1,12,14,1420,999,999,9,9,320,320,9,9,IGNORADO,IGNORADO
14,1420,1,2015,1,10,18,1802,999,999,9,9,320,320,9,9,IGNORADO,IGNORADO
14,1420,2,2015,12,9,14,1420,23,17,1,9,320,320,2,9,NEOG,NEOG
14,1420,3,2015,19,2,16,1613,999,999,1,1,320,320,2,2,61,NEOG
14,1420,5,2015,24,11,14,1420,23,24,1,1,320,320,4,4,31,23
14,1420,5,2015,30,10,16,1601,30,26,1,1,320,320,3,2,92,NEOG
14,1420,5,2015,29,12,14,1420,22,20,4,1,320,320,3,3,NEOG,NEOG
14,1421,3,2015,4,4,14,1421,39,999,4,9,320,320,3,9,61,NEOG
15,1504,1,2015,9,10,15,1504,999,999,9,9,320,320,9,9,IGNORADO,IGNORADO
15,1504,2,2015,13,11,15,1504,999,999,9,9,320,320,9,9,IGNORADO,IGNORADO
15,1504,2,2015,8,9,1,101,35,37,4,4,320,320,3,1,52,NEOG
15,1504,3,2015,17,11,15,1504,999,38,9,4,320,320,9,2,IGNORADO,NEOG
18,1801,1,2015,30,10,18,1801,999,999,9,9,320,320,9,9,NEOG,IGNORADO
18,1801,1,2015,19,12,18,1801,45,40,4,4,320,320,4,4,NEOG,NEOG
18,1801,1,2015,1,10,18,1801,20,21,4,4,320,320,4,4,43,NEOG
18,1801,1,2015,7,5,10,1001,999,999,9,9,320,320,9,9,IGNORADO,IGNORADO
18,1801,2,2015,28,11,18,1801,40,45,5,4,320,320,2,4,61,23
18,1801,2,2015,23,10,18,1801,54,41,4,4,320,320,5,4,23,NEOG
18,1801,2,2015,12,12,18,1801,999,999,9,9,320,320,9,9,NEOG,IGNORADO
18,1801,2,2015,18,12,1,108,999,999,9,9,320,320,9,9,NEOG,NEOG
18,1801,2,2015,9,12,18,1801,23,28,4,4,320,320,4,4,23,43
18,1801,3,2015,12,12,18,1801,999,999,9,9,320,320,9,9,52,IGNORADO
18,1801,3,2015,2,12,18,1801,29,20,4,4,320,320,4,4,34,NEOG
18,1801,3,2015,23,12,18,1801,999,999,9,9,320,320,9,9,NEOG,IGNORADO
18,1801,3,2015,14,7,18,1801,44,34,4,4,320,320,9,5,NEOG,25
18,1801,3,2015,16,7,22,2201,999,999,9,9,320,320,9,9,NEOG,NEOG
18,1801,3,2015,2,7,18,1801,32,32,4,4,320,320,3,3,83,32
18,1801,4,2015,14,7,18,1801,36,42,4,4,320,320,9,5,NEOG,26
18,1801,4,2015,14,7,17,1708,44,39,4,4,320,320,1,2,61,NEOG
18,1801,5,2015,27,5,18,1801,999,999,4,4,320,320,9,9,NEOG,IGNORADO
18,1801,5,2015,10,12,18,1801,999,999,9,9,320,320,9,9,52,NEOG
18,1801,6,2015,13,3,18,1801,999,999,9,9,320,320,9,9,NEOG,IGNORADO
18,1805,1,2015,6,11,18,1805,32,20,4,4,320,320,2,3,NEOG,NEOG
18,1805,3,2015,16,9,18,1805,999,999,9,9,320,320,9,9,61,NEOG
18,1805,3,2015,18,12,18,1805,36,35,4,4,320,320,2,1,61,43
18,1805,4,2015,16,12,18,1805,999,999,9,9,320,320,9,9,NEOG,NEOG
18,1805,5,2015,26,11,18,1805,999,999,9,9,320,320,1,1,61,NEOG
19,1904,1,2015,8,5,19,1904,34,22,4,4,320,320,1,2,83,NEOG
19,1904,1,2015,12,8,19,1904,999,999,9,9,320,320,9,9,IGNORADO,IGNORADO
19,1904,3,2015,30,1,19,1904,999,999,9,9,320,320,9,9,IGNORADO,IGNORADO
19,1904,3,2015,26,8,19,1901,36,25,4,4,320,320,9,9,NEOG,NEOG
20,2001,1,2015,3,2,20,2001,41,29,4,4,320,320,9,9,61,NEOG
20,2001,2,2015,23,12,20,2001,39,43,4,4,320,320,9,9,NEOG,NEOG
20,2001,3,2015,15,10,20,2001,22,22,4,4,320,320,3,3,NEOG,NEOG
20,2001,3,2015,13,10,20,2001,30,23,9,4,320,320,4,4,33,NEOG
20,2001,3,2015,19,8,20,2001,999,999,9,9,320,320,9,1,NEOG,IGNORADO
20,2001,3,2015,30,10,20,2001,999,999,9,9,320,320,9,9,NEOG,IGNORADO
20,2001,4,2015,24,6,20,2001,999,999,9,9,320,320,9,9,23,IGNORADO
20,2001,4,2015,18,11,20,2001,999,999,9,9,320,320,9,9,NEOG,IGNORADO
20,2001,4,2015,1,8,20,2001,46,27,4,4,320,320,1,1,IGNORADO,NEOG
20,2001,5,2015,1,12,20,2001,999,999,9,9,320,320,9,9,23,IGNORADO
20,2001,5,2015,18,12,20,2001,30,24,9,9,320,320,9,9,NEOG,NEOG
20,2001,6,2015,12,12,20,2001,999,999,9,9,320,320,9,9,61,IGNORADO
20,2001,6,2015,14,11,20,2001,25,21,4,4,320,320,4,4,51,23
20,2001,6,2015,5,11,20,2001,24,27,4,4,320,320,4,5,23,23
1,101,2,2015,12,12,1,101,26,31,9,4,720,188,1,4,03,NEOG
1,117,3,2015,18,3,1,101,35,40,9,4,720,320,1,5,NEOG,NEOG
5,502,1,2015,25,8,5,502,999,999,9,9,723,320,9,9,NEOG,NEOG
1,101,1,2015,5,12,1,101,33,33,4,4,840,320,5,5,26,12
1,101,2,2015,18,11,1,101,999,999,9,9,840,320,9,9,NEOG,NEOG
1,101,2,2015,6,10,1,101,999,999,9,9,840,320,9,9,NEOG,NEOG
18,1802,1,2015,6,8,18,1802,999,999,9,9,840,320,9,9,IGNORADO,IGNORADO
22,2202,1,2015,18,12,22,2202,22,18,4,4,840,320,4,9,NEOG,NEOG
1,101,2,2015,17,11,1,101,999,999,9,9,840,320,9,9,IGNORADO,IGNORADO
1,101,3,2015,18,11,2,207,999,999,9,9,840,320,9,9,IGNORADO,IGNORADO
19,1901,3,2015,22,12,19,1901,999,36,9,4,840,320,9,9,26,41
9,901,1,2015,11,9,9,901,999,999,9,9,840,320,9,9,NEOG,NEOG
1,101,2,2015,18,12,1,101,999,999,9,9,1020,320,9,9,33,11
10,1003,2,2015,24,10,10,1001,999,999,9,9,9999,320,9,9,IGNORADO,IGNORADO
17,1707,5,2015,1,8,17,1701,999,999,9,9,9999,320,9,9,IGNORADO,IGNORADO
16,1610,5,2015,8,12,1,101,999,999,9,9,9999,9999,9,9,IGNORADO,IGNORADO
1,101,1,2015,24,11,1,101,999,999,9,9,9999,9999,9,9,IGNORADO,23
1,101,3,2015,23,12,1,102,999,999,9,9,9999,320,9,9,21,52
3,301,6,2015,16,6,1,101,999,999,9,9,9999,9999,9,9,IGNORADO,IGNORADO
